case_id,operation_id,candidate_operation
P01.1,P01.1.op01,local.consent_state
P01.2,P01.2.op01,local.deeplink_resolution
P01.2,P01.2.op02,account.session_gate
P02.1,P02.1.op01,account.challenge
P02.1,P02.1.op02,account.login
P02.1,P02.1.op03,account.profile
P02.1,P02.1.op04,account.p2p_token
P02.2,P02.2.op01,account.verification_code
P02.2,P02.2.op02,account.register
P02.3,P02.3.op01,account.recovery_code
P02.3,P02.3.op02,account.reset_password
P02.3,P02.3.op03,account.session_invalidation
P02.4,P02.4.op01,provider.authorization
P02.4,P02.4.op02,account.provider_login
P02.5,P02.5.op01,account.qr_uuid
P02.5,P02.5.op02,account.qr_authorization
P03.1,P03.1.op01,device.channel_list
P03.1,P03.1.op02,device.access_token
P03.1,P03.1.op03,media.live_open
P03.1,P03.1.op04,media.live_close
P03.2,P03.2.op01,device.stream_capability
P03.2,P03.2.op02,media.live_quality_switch
P04.1,P04.1.op01,media.concurrent_live_open
P04.1,P04.1.op02,media.tile_close
P04.2,P04.2.op01,media.listen_open
P04.2,P04.2.op02,media.talk_open
P04.2,P04.2.op03,media.talk_send
P04.2,P04.2.op04,media.talk_close
P05.1,P05.1.op01,media.live_frame
P05.1,P05.1.op02,local.snapshot_or_record
P05.2,P05.2.op01,device.ptz_move
P05.2,P05.2.op02,device.ptz_stop
P05.2,P05.2.op03,device.ptz_preset
P05.3,P05.3.op01,local.dewarp
P05.3,P05.3.op02,device.lens_setting
P06.1,P06.1.op01,account.favorite_list
P06.1,P06.1.op02,account.favorite_mutation
P06.2,P06.2.op01,device.manual_alarm
P06.2,P06.2.op02,device.actuator_control
P06.2,P06.2.op03,device.mode_setting
P06.3,P06.3.op01,local.wav_validation
P06.3,P06.3.op02,device.alarm_clip_upload
P06.3,P06.3.op03,device.alarm_clip_select
P06.3,P06.3.op04,device.alarm_clip_play
P06.3,P06.3.op05,device.alarm_clip_delete
P07.1,P07.1.op01,device.recording_search
P07.1,P07.1.op02,media.playback_open
P07.1,P07.1.op03,media.playback_seek
P07.1,P07.1.op04,media.playback_close
P07.2,P07.2.op01,device.backup_request
P07.2,P07.2.op02,media.backup_transfer
P07.2,P07.2.op03,local.backup_file
P08.1,P08.1.op01,account.translate_query
P08.1,P08.1.op02,device.ai_text_search
P08.2,P08.2.op01,local.speech_recognition
P08.2,P08.2.op02,device.ai_text_search
P08.3,P08.3.op01,device.ai_attribute_search
P08.3,P08.3.op02,device.ai_picture_search
P08.4,P08.4.op01,local_or_account.search_history_read
P08.4,P08.4.op02,local_or_account.search_history_select
P09.1,P09.1.op01,local.face_detect
P09.1,P09.1.op02,device.face_enroll
P09.1,P09.1.op03,device.face_readback
P09.2,P09.2.op01,device.plate_enroll
P09.2,P09.2.op02,device.plate_search
P09.2,P09.2.op03,device.plate_readback
P10.1,P10.1.op01,local.qr_or_lan_discovery
P10.1,P10.1.op02,device.local_add
P10.2,P10.2.op01,account.device_bind
P10.2,P10.2.op02,account.device_transfer
P10.2,P10.2.op03,account.share_accept
P10.3,P10.3.op01,local.device_list_edit
P10.3,P10.3.op02,account.device_rename_group
P10.3,P10.3.op03,account.device_unbind
P11.1,P11.1.op01,device.information_read
P11.1,P11.1.op02,device.storage_status_read
P11.2,P11.2.op01,device.setting_read
P11.2,P11.2.op02,device.setting_write
P11.2,P11.2.op03,device.setting_readback
P11.3,P11.3.op01,device.password_change
P11.3,P11.3.op02,device.power_time_setting
P11.3,P11.3.op03,device.firmware_query
P11.3,P11.3.op04,device.firmware_update
P11.4,P11.4.op01,device.storage_format
P11.4,P11.4.op02,device.reboot
P11.4,P11.4.op03,device.post_action_readback
P12.1,P12.1.op01,local.doorbell_ap_connect
P12.1,P12.1.op02,device.wifi_provision
P12.1,P12.1.op03,account.doorbell_bind
P12.2,P12.2.op01,alarm.doorbell_invite
P12.2,P12.2.op02,media.doorbell_answer
P12.2,P12.2.op03,media.doorbell_reject
P12.2,P12.2.op04,media.doorbell_hangup
P12.3,P12.3.op01,device.doorbell_setting_read
P12.3,P12.3.op02,device.doorbell_setting_write
P12.3,P12.3.op03,device.doorbell_setting_readback
P12.4,P12.4.op01,device.doorbell_activate
P12.4,P12.4.op02,device.wifi_reset
P12.4,P12.4.op03,account.doorbell_readback
P13.1,P13.1.op01,device.defense_capability
P13.1,P13.1.op02,device.defense_list
P13.1,P13.1.op03,device.defense_mutation
P13.1,P13.1.op04,device.defense_readback
P14.1,P14.1.op01,alarm.socket_or_push_ingress
P14.1,P14.1.op02,alarm.history_replay
P14.1,P14.1.op03,local.notification_cache
P14.2,P14.2.op01,alarm.detail_read
P14.2,P14.2.op02,media.alarm_link_open
P14.2,P14.2.op03,alarm.read_or_delete
P14.3,P14.3.op01,alarm.generic_list_route
P15.1,P15.1.op01,alarm.push_setting_read
P15.1,P15.1.op02,alarm.push_setting_write
P15.1,P15.1.op03,alarm.delivery_verify
P15.2,P15.2.op01,alarm.push_token_register
P15.2,P15.2.op02,alarm.push_delivery_verify
P16.1,P16.1.op01,account.profile_read
P16.1,P16.1.op02,account.profile_write
P16.1,P16.1.op03,account.binding_change
P16.2,P16.2.op01,account.password_change
P16.2,P16.2.op02,account.account_type_change
P16.2,P16.2.op03,account.logout
P16.3,P16.3.op01,provider.link_callback
P16.3,P16.3.op02,account.provider_bind
P16.3,P16.3.op03,account.provider_unbind
P16.4,P16.4.op01,account.deletion_verify
P16.4,P16.4.op02,account.delete
P16.4,P16.4.op03,account.deletion_readback
P17.1,P17.1.op01,account.friend_search
P17.1,P17.1.op02,account.friend_invite_accept
P17.1,P17.1.op03,account.friend_group_mutation
P17.2,P17.2.op01,account.share_create
P17.2,P17.2.op02,account.share_list
P17.2,P17.2.op03,device.share_permission_check
P17.3,P17.3.op01,account.share_accept
P17.3,P17.3.op02,account.share_readback
P17.4,P17.4.op01,account.share_permission_change
P17.4,P17.4.op02,account.share_revoke
P17.4,P17.4.op03,device.share_revocation_check
P17.5,P17.5.op01,account.alternate_share_list_route
P17.6,P17.6.op01,account.share_qr_create
P17.6,P17.6.op02,local.share_qr_scan
P17.6,P17.6.op03,account.share_qr_accept
P18.1,P18.1.op01,cloud.record_list
P18.1,P18.1.op02,cloud.media_token
P18.1,P18.1.op03,cloud.playback_open
P18.1,P18.1.op04,cloud.playback_seek
P18.2,P18.2.op01,cloud.download_queue
P18.2,P18.2.op02,cloud.object_download
P18.2,P18.2.op03,cloud.record_delete
P18.2,P18.2.op04,local.download_file
P18.3,P18.3.op01,vas.catalog
P18.3,P18.3.op02,vas.eligibility
P18.3,P18.3.op03,vas.product_detail
P18.4,P18.4.op01,vas.order_create
P18.4,P18.4.op02,payment.checkout_return
P18.4,P18.4.op03,vas.entitlement_readback
P18.4,P18.4.op04,vas.auto_renew
P18.5,P18.5.op01,cloud.record_setting_read
P18.5,P18.5.op02,cloud.record_setting_write
P18.5,P18.5.op03,cloud.recording_effect
P18.6,P18.6.op01,vas.alternate_switch_route
P18.7,P18.7.op01,cloud.alternate_validity_route
P18.8,P18.8.op01,cloud.valid_channel_list_route
P18.9,P18.9.op01,cloud.video_list_route
P18.9,P18.9.op02,cloud.object_reference
P19.1,P19.1.op01,local.file_list_and_open
P19.2,P19.2.op01,local.file_delete_and_retention
P19.3,P19.3.op01,cloud.filesync_entry_probe
P19.4,P19.4.op01,local.image_share
P20.1,P20.1.op01,local.preference_read_write
P20.2,P20.2.op01,local.capture_retention_preference
P21.1,P21.1.op01,h5.remote_page_bootstrap
P21.1,P21.1.op02,h5.remote_command
P21.1,P21.1.op03,device.remote_setting_readback
P22.1,P22.1.op01,tyco.identity_login
P22.1,P22.1.op02,tyco.panel_login
P22.1,P22.1.op03,tyco.panel_list
P22.1,P22.1.op04,tyco.panel_unlink
P22.2,P22.2.op01,tyco.panel_status
P22.2,P22.2.op02,tyco.partition_device_user_list
P22.2,P22.2.op03,tyco.event_trouble_list
P22.3,P22.3.op01,tyco.arm_disarm
P22.3,P22.3.op02,tyco.task_poll
P22.3,P22.3.op03,tyco.panel_readback
P22.4,P22.4.op01,tyco.output_control
P22.4,P22.4.op02,tyco.output_timer
P22.4,P22.4.op03,tyco.output_readback
P22.5,P22.5.op01,tyco.notification_setting
P22.5,P22.5.op02,tyco.push_token_register
P22.5,P22.5.op03,tyco.delivery_verify
P23.1,P23.1.op01,h5.help_policy_content
P23.1,P23.1.op02,h5.external_navigation
P23.2,P23.2.op01,local.debug_entry
P23.2,P23.2.op02,local_or_unknown.debug_setting_effect
P23.3,P23.3.op01,local.experience_entry
P23.3,P23.3.op02,h5.experience_content_probe
P24.1,P24.1.op01,account.resident_state
P24.1,P24.1.op02,h5.household_page
P24.1,P24.1.op03,h5.household_action_inventory
