request_class,route,dispatch,audit_state,static_disposition,operation_id,evidence_source,audit_line,runtime_proof,disposition_evidence
GetUserPrivateDataRequest,/sdk/GetUserPrivateData,`getUserPrivateData` → `getUserPrivateData`,routed,UNKNOWN,,apk-audit/02-protocol-api.md:53; J:com/tvt/protocol_sdk/request/GetUserPrivateDataRequest.java:8,53,NO,
RegisterMobileRequest,/sdk/RegisterMobile,`registerMobile` → `registerMobile`,routed,UNKNOWN,,apk-audit/02-protocol-api.md:54; J:com/tvt/protocol_sdk/request/RegisterMobileRequest.java:11,54,NO,
SetUserPrivateDataRequest,/sdk/SetUserPrivateData,`setUserPrivateData` → `setUserPrivateData`,routed,UNKNOWN,,apk-audit/02-protocol-api.md:55; J:com/tvt/protocol_sdk/request/SetUserPrivateDataRequest.java:10,55,NO,
userLoginedUnBindWxRequest,/sdk/UnBindWx,`userLoginedUnBindWX` → `userLoginedUnBindWX`,routed,UNKNOWN,,apk-audit/02-protocol-api.md:56; J:com/tvt/protocol_sdk/request/userLoginedUnBindWxRequest.java:9,56,NO,
UserUploadHeadImgRequest,/sdk/UserUploadHeadImg,`userUploadHeadImg` → `userUploadHeadImg`,routed,UNKNOWN,,apk-audit/02-protocol-api.md:57; J:com/tvt/protocol_sdk/request/UserUploadHeadImgRequest.java:10,57,NO,
BindMailByLoginedRequest,/sdk/bindMailByLogined,`bindMailByLogined` → `bindMailByLogined`,routed,UNKNOWN,,apk-audit/02-protocol-api.md:58; J:com/tvt/protocol_sdk/request/BindMailByLoginedRequest.java:12,58,NO,
BindPhoneByLoginedRequest,/sdk/bindPhoneByLogined,`bindPhoneByLogined` → `bindPhoneByLogined`,routed,UNKNOWN,,apk-audit/02-protocol-api.md:59; J:com/tvt/protocol_sdk/request/BindPhoneByLoginedRequest.java:12,59,NO,
BindWxRequest,/sdk/bindWX,`bindWx` → `bindWx`,routed,UNKNOWN,,apk-audit/02-protocol-api.md:60; J:com/tvt/protocol_sdk/request/BindWxRequest.java:10,60,NO,
CheckImgVerifyCodeRequest,/sdk/checkImgVerifyCode,—,empty executor,BROKEN_STUB,,apk-audit/02-protocol-api.md:61; J:com/tvt/protocol_sdk/request/CheckImgVerifyCodeRequest.java:9,61,NO,apk-audit/02-protocol-api.md:689
CheckIsBindAccountRequest,/sdk/checkIsBindAccount,`checkIsBindAccount` → `checkIsBindAccount`,routed,UNKNOWN,,apk-audit/02-protocol-api.md:62; J:com/tvt/protocol_sdk/request/CheckIsBindAccountRequest.java:9,62,NO,
CheckIsMobileBindRequest,/sdk/checkIsMobileBind,`checkIsMobileBind` → `checkIsMobileBind`,routed,UNKNOWN,,apk-audit/02-protocol-api.md:63; J:com/tvt/protocol_sdk/request/CheckIsMobileBindRequest.java:10,63,NO,
CheckAccountIsRegisterRequest,/sdk/checkMobile1IsExist,`checkAccountIsRegister` → `checkAccountIsRegister`,routed,UNKNOWN,,apk-audit/02-protocol-api.md:64; J:com/tvt/protocol_sdk/request/CheckAccountIsRegisterRequest.java:11,64,NO,
FindPasswordPasswordWithAccountRequest,/sdk/findPasswordPasswordUpdate,`findPasswordPasswordWithAccount` → `findPasswordPasswordWithAccount`,routed,MAPPED,P02.3.op02,apk-audit/02-protocol-api.md:65; J:com/tvt/protocol_sdk/request/FindPasswordPasswordWithAccountRequest.java:12,65,NO,
GetDynamicCodeWithAccountRequest,/sdk/getDynamicCodeWithAccount,`getDynamicCodeWithAccount` → `getDynamicCodeWithAccount`,routed,MAPPED,P02.2.op01,apk-audit/02-protocol-api.md:66; J:com/tvt/protocol_sdk/request/GetDynamicCodeWithAccountRequest.java:11,66,NO,
GetExternalAppOauthRequest,/sdk/getExternalAppOauth,`getExternalAppOauth` → `getExternalAppOauth`,routed,UNKNOWN,,apk-audit/02-protocol-api.md:67; J:com/tvt/protocol_sdk/request/GetExternalAppOauthRequest.java:8,67,NO,
GetImgVerifyCodeRequest,/sdk/getImgVerifyCode,`getImgVerifyCode` → `getImgVerifyCode`,routed,MAPPED,P02.2.op01,apk-audit/02-protocol-api.md:68; J:com/tvt/protocol_sdk/request/GetImgVerifyCodeRequest.java:9,68,NO,
GetMobileBindInfoListRequest,/sdk/getMobileBindInfoList,`getMobileBindInfoList` → `getMobileBindInfoList`,routed,UNKNOWN,,apk-audit/02-protocol-api.md:69; J:com/tvt/protocol_sdk/request/GetMobileBindInfoListRequest.java:8,69,NO,
GetMobileBindSwitchRequest,/sdk/getMobileBindSwitch,`getMobileBindSwitch` → `getMobileBindSwitch`,routed,UNKNOWN,,apk-audit/02-protocol-api.md:70; J:com/tvt/protocol_sdk/request/GetMobileBindSwitchRequest.java:8,70,NO,
GetRegisterDynamicCodeWithAccountRequest,/sdk/getRegisterDynamicCodeWithAccount,`getRegisterDynamicCodeWithAccount` → `getRegisterDynamicCodeWithAccount`,routed,UNKNOWN,,apk-audit/02-protocol-api.md:71; J:com/tvt/protocol_sdk/request/GetRegisterDynamicCodeWithAccountRequest.java:11,71,NO,
GetUserAppDataVersionRequest,/sdk/getUserAppDataVersion,`getUserAppDataVersion` → `getUserAppDataVersion`,routed,UNKNOWN,,apk-audit/02-protocol-api.md:72; J:com/tvt/protocol_sdk/request/GetUserAppDataVersionRequest.java:8,72,NO,
GetUserAppDataRequest,/sdk/getUserAppData,`getUserAppData` → `getUserAppData`,routed,UNKNOWN,,apk-audit/02-protocol-api.md:73; J:com/tvt/protocol_sdk/request/GetUserAppDataRequest.java:8,73,NO,
GetUserInfoRequest,/sdk/getUserInfo,`getUserInfo` → `getUserInfo`,routed,MAPPED,P16.1.op01,apk-audit/02-protocol-api.md:74; J:com/tvt/protocol_sdk/request/GetUserInfoRequest.java:9,74,NO,
GetUserPropertiesWithWords,/sdk/getUserPropertiesWithWords,`getUserPropertiesWithWords` → `getUserPropertiesWithWords`,routed,UNKNOWN,,apk-audit/02-protocol-api.md:75; J:com/tvt/protocol_sdk/request/GetUserPropertiesWithWords.java:9,75,NO,
GetUserQrcodeInfoRequest,/sdk/getUserQrcodeInfo,`getUserQrcodeInfo` → `getUserQrcodeInfo`,routed,UNKNOWN,,apk-audit/02-protocol-api.md:76; J:com/tvt/protocol_sdk/request/GetUserQrcodeInfoRequest.java:9,76,NO,
LinkExternalAppInfoRequest,/sdk/linkExternalApp,`linkExternalApp` → `linkExternalApp`,routed,UNKNOWN,,apk-audit/02-protocol-api.md:77; J:com/tvt/protocol_sdk/request/LinkExternalAppInfoRequest.java:8,77,NO,
ModifyEmailRequest,/sdk/modifyEmail,`modifyEmail` → `modifyEmail`,routed,MAPPED,P16.1.op03,apk-audit/02-protocol-api.md:78; J:com/tvt/protocol_sdk/request/ModifyEmailRequest.java:11,78,NO,
ModifyPhoneRequest,/sdk/modifyPhone,`modifyPhone` → `modifyPhone`,routed,MAPPED,P16.1.op03,apk-audit/02-protocol-api.md:79; J:com/tvt/protocol_sdk/request/ModifyPhoneRequest.java:11,79,NO,
RemoveMobileBindListListRequest,/sdk/removeMobileBindListList,`removeMobileBindListList` → `removeMobileBindListList`,routed,UNKNOWN,,apk-audit/02-protocol-api.md:80; J:com/tvt/protocol_sdk/request/RemoveMobileBindListListRequest.java:11,80,NO,
SendAuthForWebLoginRequest,/sdk/sendAuthForWebLogin,`sendAuthorizationforWebQrcodeLogin` → `sendAuthorizationforWebQrcodeLogin`,routed,UNREFERENCED,,apk-audit/02-protocol-api.md:81; J:com/tvt/protocol_sdk/request/SendAuthForWebLoginRequest.java:10,81,NO,apk-audit/14-reachability-and-route-gaps.md:17
SendUUIDForWebLoginRequest,/sdk/sendUUIDForWebLogin,`sendUUIDforWebQrcodeLogin` → `sendUUIDforWebQrcodeLogin`,routed,UNREFERENCED,,apk-audit/02-protocol-api.md:82; J:com/tvt/protocol_sdk/request/SendUUIDForWebLoginRequest.java:10,82,NO,apk-audit/14-reachability-and-route-gaps.md:17
SetLanguageRequest,/sdk/setLanguage,`setLanguage` → `setLanguage`,routed,UNKNOWN,,apk-audit/02-protocol-api.md:83; J:com/tvt/protocol_sdk/request/SetLanguageRequest.java:10,83,NO,
SetMobileBindSwitchRequest,/sdk/setMobileBindSwitch,`setMobileBindSwitch` → `setMobileBindSwitch`,routed,UNKNOWN,,apk-audit/02-protocol-api.md:84; J:com/tvt/protocol_sdk/request/SetMobileBindSwitchRequest.java:10,84,NO,
SetMobileIsBindRequest,/sdk/setMobileIsBind,`setMobileIsBind` → `setMobileIsBind`,routed,UNKNOWN,,apk-audit/02-protocol-api.md:85; J:com/tvt/protocol_sdk/request/SetMobileIsBindRequest.java:10,85,NO,
SetUserAppDataRequest,/sdk/setUserAppData,`setUserAppData` → `setUserAppData`,routed,UNKNOWN,,apk-audit/02-protocol-api.md:86; J:com/tvt/protocol_sdk/request/SetUserAppDataRequest.java:11,86,NO,
SetUserInfoRequest,/sdk/setUserInfo,`setUserInfo` → `setUserInfo`,routed,MAPPED,P16.1.op02,apk-audit/02-protocol-api.md:87; J:com/tvt/protocol_sdk/request/SetUserInfoRequest.java:11,87,NO,
ThirdLoginRequest,/sdk/thirdLogin,`thirdLogin` → `thirdLogin`,routed,MAPPED,P02.4.op02,apk-audit/02-protocol-api.md:88; J:com/tvt/protocol_sdk/request/ThirdLoginRequest.java:10,88,NO,
UnLinkExternalAppInfoRequest,/sdk/unLinkExternalApp,`unLinkExternalApp` → `unLinkExternalApp`,routed,UNKNOWN,,apk-audit/02-protocol-api.md:89; J:com/tvt/protocol_sdk/request/UnLinkExternalAppInfoRequest.java:8,89,NO,
UserLogOutRequest,/sdk/userLogOut,`userLogOut` → `userLogOut`,routed,MAPPED,P16.2.op03,apk-audit/02-protocol-api.md:90; J:com/tvt/protocol_sdk/request/UserLogOutRequest.java:9,90,NO,
UserLoginRequest,/sdk/userLogin,`userLogin` → `userLogin`,routed,MAPPED,P02.1.op02,apk-audit/02-protocol-api.md:91; J:com/tvt/protocol_sdk/request/UserLoginRequest.java:11,91,NO,
UserLoginBindThirdRequest,/sdk/userLoginedBindThird,`userLoginedBindThird` → `userLoginedBindThird`,routed,UNKNOWN,,apk-audit/02-protocol-api.md:92; J:com/tvt/protocol_sdk/request/UserLoginBindThirdRequest.java:10,92,NO,
UserLoginUnBindThirdRequest,/sdk/userLoginedUnBindThird,`userLoginedUnBindThird` → `userLoginedUnBindThird`,routed,UNKNOWN,,apk-audit/02-protocol-api.md:93; J:com/tvt/protocol_sdk/request/UserLoginUnBindThirdRequest.java:10,93,NO,
UserPasswordUpdateRequest,/sdk/userPasswordUpdate,`modifyPassword` → `modifyPassword`,routed,UNKNOWN,,apk-audit/02-protocol-api.md:94; J:com/tvt/protocol_sdk/request/UserPasswordUpdateRequest.java:12,94,NO,
UserRegisterWithAccountRequest,/sdk/userRegisterWithAccount,`userRegisterWithAccount` → `userRegisterWithAccount`,routed,MAPPED,P02.2.op02,apk-audit/02-protocol-api.md:95; J:com/tvt/protocol_sdk/request/UserRegisterWithAccountRequest.java:11,95,NO,
UserThirdBindAccountRequest,/sdk/userThirdBindAccount,`userThirdBindAccount` → `userThirdBindAccount`,routed,UNKNOWN,,apk-audit/02-protocol-api.md:96; J:com/tvt/protocol_sdk/request/UserThirdBindAccountRequest.java:10,96,NO,
UserUnRegisterRequest,/sdk/userUnRegister,`userUnRegister` → `userUnRegisterNoParams`,routed,MAPPED,P16.4.op02,apk-audit/02-protocol-api.md:97; J:com/tvt/protocol_sdk/request/UserUnRegisterRequest.java:11,97,NO,
WxBindMobileRequest,/sdk/wxBindMobile,`wxBindMobile` → `wxBindMobile`,routed,UNKNOWN,,apk-audit/02-protocol-api.md:98; J:com/tvt/protocol_sdk/request/WxBindMobileRequest.java:11,98,NO,
WxLoginRequest,/sdk/wxLoginWithWxCode,`wxLoginWithWxCode` → `wxLoginWithWxCode`,routed,UNKNOWN,,apk-audit/02-protocol-api.md:99; J:com/tvt/protocol_sdk/request/WxLoginRequest.java:11,99,NO,
AddDeviceToFavoritesGroupRequest,/sdk/AddDeviceToFavoritesGroup,`addDeviceToFavoritesGroup` → `addDeviceToFavoritesGroup`,routed,UNKNOWN,,apk-audit/02-protocol-api.md:105; J:com/tvt/protocol_sdk/request/AddDeviceToFavoritesGroupRequest.java:11,105,NO,
DeleteDeviceFromFravoritesGroupRequest,/sdk/DeleteDeviceFromFavoritesGroup,`deleteDeviceFromFavoritesGroup` → `deleteDeviceFromFavoritesGroup`,routed,UNKNOWN,,apk-audit/02-protocol-api.md:106; J:com/tvt/protocol_sdk/request/DeleteDeviceFromFravoritesGroupRequest.java:11,106,NO,
DeviceChlReNameRequest,/sdk/DeviceChlReName,`deviceChlReName` → `deviceChlReName`,routed,UNKNOWN,,apk-audit/02-protocol-api.md:107; J:com/tvt/protocol_sdk/request/DeviceChlReNameRequest.java:10,107,NO,
DeviceFirmwareCheckUpdateRequest,/sdk/DeviceFirmwareCheckUpdate,`deviceFirmwareCheckUpdate` → `deviceFirmwareCheckUpdate`,routed,UNKNOWN,,apk-audit/02-protocol-api.md:108; J:com/tvt/protocol_sdk/request/DeviceFirmwareCheckUpdateRequest.java:11,108,NO,
DeviceFirmwareManualUpdateRequest,/sdk/DeviceFirmwareManualUpdate,`deviceFirmwareManualUpdate` → `deviceFirmwareManualUpdate`,routed,UNKNOWN,,apk-audit/02-protocol-api.md:109; J:com/tvt/protocol_sdk/request/DeviceFirmwareManualUpdateRequest.java:11,109,NO,
DeviceGetRecStatusRequest,/sdk/DeviceGetRecStatus,`deviceGetRecStatus` → `deviceGetRecStatus`,routed,UNKNOWN,,apk-audit/02-protocol-api.md:110; J:com/tvt/protocol_sdk/request/DeviceGetRecStatusRequest.java:11,110,NO,
DeviceGroupSortByIdsRequest,/sdk/DeviceGroupSortByIds,`deviceGroupSortByIds` → `deviceGroupSortByIds`,routed,UNKNOWN,,apk-audit/02-protocol-api.md:111; J:com/tvt/protocol_sdk/request/DeviceGroupSortByIdsRequest.java:11,111,NO,
DeviceRebootRequest,/sdk/DeviceReboot,`deviceReboot` → `deviceReboot`,routed,MAPPED,P11.4.op02,apk-audit/02-protocol-api.md:112; J:com/tvt/protocol_sdk/request/DeviceRebootRequest.java:11,112,NO,
GetDevAutoUpdateRequest,/sdk/GetDevAutoUpdate,`getDevAutoUpdate` → `getDevAutoUpdate`,routed,UNKNOWN,,apk-audit/02-protocol-api.md:113; J:com/tvt/protocol_sdk/request/GetDevAutoUpdateRequest.java:8,113,NO,
GetDeviceChlOnlineStatusRequest,/sdk/GetDeviceChlOnlineStatus,`getDeviceChlOnlineStatus` → `getDeviceChlOnlineStatus`,routed,UNKNOWN,,apk-audit/02-protocol-api.md:114; J:com/tvt/protocol_sdk/request/GetDeviceChlOnlineStatusRequest.java:10,114,NO,
GetDeviceHealthReportRequest,/sdk/GetDeviceHealthReport,`getDeviceHealthReport` → `getDeviceHealthReport`,routed,UNKNOWN,,apk-audit/02-protocol-api.md:115; J:com/tvt/protocol_sdk/request/GetDeviceHealthReportRequest.java:10,115,NO,
GetDeviceHealthScheduleRequest,/sdk/GetDeviceHealthSchedule,`getDeviceHealthSchedule` → `getDeviceHealthSchedule`,routed,UNKNOWN,,apk-audit/02-protocol-api.md:116; J:com/tvt/protocol_sdk/request/GetDeviceHealthScheduleRequest.java:9,116,NO,
GetDeviceNetQualityReportRequest,/sdk/GetDeviceNetQualityReport,`getDeviceNetQualityReport` → `getDeviceNetQualityReport`,routed,UNKNOWN,,apk-audit/02-protocol-api.md:117; J:com/tvt/protocol_sdk/request/GetDeviceNetQualityReportRequest.java:10,117,NO,
GetGroupListToMeRequest,/sdk/GetGroupListToMe,`getGroupListToMe` → `getGroupListToMe`,routed,UNKNOWN,,apk-audit/02-protocol-api.md:118; J:com/tvt/protocol_sdk/request/GetGroupListToMeRequest.java:8,118,NO,
GetLastedDeviceHealthReportRequest,/sdk/GetLastedDeviceHealthReport,`getLastedDeviceHealthReport` → `getLastedDeviceHealthReport`,routed,UNKNOWN,,apk-audit/02-protocol-api.md:119; J:com/tvt/protocol_sdk/request/GetLastedDeviceHealthReportRequest.java:9,119,NO,
SendHealthCheckCmdToDevRequest,/sdk/SendHealthCheckCmdToDev,`sendHealthCheckCmdToDev` → `sendHealthCheckCmdToDev`,routed,UNKNOWN,,apk-audit/02-protocol-api.md:120; J:com/tvt/protocol_sdk/request/SendHealthCheckCmdToDevRequest.java:10,120,NO,
SendNetQualityCheckCmdToDevRequest,/sdk/SendNetQualityCheckCmdToDev,`sendNetQualityCheckCmdToDev` → `sendNetQualityCheckCmdToDev`,routed,UNKNOWN,,apk-audit/02-protocol-api.md:121; J:com/tvt/protocol_sdk/request/SendNetQualityCheckCmdToDevRequest.java:9,121,NO,
SetDevAutoUpdateRequest,/sdk/SetDevAutoUpdate,`setDevAutoUpdate` → `setDevAutoUpdate`,routed,UNKNOWN,,apk-audit/02-protocol-api.md:122; J:com/tvt/protocol_sdk/request/SetDevAutoUpdateRequest.java:10,122,NO,
SetDeviceHealthScheduleRequest,/sdk/SetDeviceHealthSchedule,`setDeviceHealthSchedule` → `setDeviceHealthSchedule`,routed,UNKNOWN,,apk-audit/02-protocol-api.md:123; J:com/tvt/protocol_sdk/request/SetDeviceHealthScheduleRequest.java:11,123,NO,
DeviceUpdateCodeRequest,/sdk/UpdateDeviceCode,`deviceUpdateDeviceCode` → `deviceUpdateDeviceCode`,routed,UNKNOWN,,apk-audit/02-protocol-api.md:124; J:com/tvt/protocol_sdk/request/DeviceUpdateCodeRequest.java:11,124,NO,
AddDeviceGroupRequest,/sdk/addDeviceGroup,`addDeviceGroup` → `addDeviceGroup`,routed,UNKNOWN,,apk-audit/02-protocol-api.md:125; J:com/tvt/protocol_sdk/request/AddDeviceGroupRequest.java:10,125,NO,
AddDeviceToGroupRequest,/sdk/addDeviceToGroup,`addDeviceToGroup` → `addDeviceToGroup`,routed,UNKNOWN,,apk-audit/02-protocol-api.md:126; J:com/tvt/protocol_sdk/request/AddDeviceToGroupRequest.java:11,126,NO,
AddUserUnbindDeviceRequest,/sdk/addUserUnbindDevice,`addUserUnbindDevice` → `addUserUnbindDevice`,routed,UNKNOWN,,apk-audit/02-protocol-api.md:127; J:com/tvt/protocol_sdk/request/AddUserUnbindDeviceRequest.java:9,127,NO,
DeleteUserUnbindDeviceRequest,/sdk/deleteUserUnbindDevice,`deleteUserUnbindDevice` → `deleteUserUnbindDevice`,routed,UNKNOWN,,apk-audit/02-protocol-api.md:128; J:com/tvt/protocol_sdk/request/DeleteUserUnbindDeviceRequest.java:9,128,NO,
DeviceBindRequest,/sdk/deviceBind,`deviceBind` → `deviceBind`,routed,MAPPED,P10.2.op01,apk-audit/02-protocol-api.md:129; J:com/tvt/protocol_sdk/request/DeviceBindRequest.java:12,129,NO,
DeviceGetInfoRequest,/sdk/deviceGetInfo,`deviceGetInfo` → `deviceGetInfo`,routed,UNKNOWN,,apk-audit/02-protocol-api.md:130; J:com/tvt/protocol_sdk/request/DeviceGetInfoRequest.java:10,130,NO,
DeviceGroupSetHomeTypeRequest,/sdk/deviceGroupSetHomeType,`deviceGroupSetHomeType` → `deviceGroupSetHomeType`,routed,UNKNOWN,,apk-audit/02-protocol-api.md:131; J:com/tvt/protocol_sdk/request/DeviceGroupSetHomeTypeRequest.java:10,131,NO,
DeviceGroupSetTopRequest,/sdk/deviceGroupSetTop,`deviceGroupSetTop` → `deviceGroupSetTop`,routed,UNKNOWN,,apk-audit/02-protocol-api.md:132; J:com/tvt/protocol_sdk/request/DeviceGroupSetTopRequest.java:10,132,NO,
DeviceReNameRequest,/sdk/deviceReName,`deviceReName` → `deviceReName`,routed,MAPPED,P10.3.op02,apk-audit/02-protocol-api.md:133; J:com/tvt/protocol_sdk/request/DeviceReNameRequest.java:10,133,NO,
DeviceRegisterRequest,/sdk/deviceRegister,`deviceRegister` → `deviceRegister`,routed,UNKNOWN,,apk-audit/02-protocol-api.md:134; J:com/tvt/protocol_sdk/request/DeviceRegisterRequest.java:13,134,NO,
DeviceSetMotionSwitchRequest,/sdk/deviceSetMotionSwitch,`deviceSetMotionSwitch` → `deviceSetMotionSwitch`,routed,UNKNOWN,,apk-audit/02-protocol-api.md:135; J:com/tvt/protocol_sdk/request/DeviceSetMotionSwitchRequest.java:10,135,NO,
DeviceSetOfflineSwitchRequest,/sdk/deviceSetOfflineSwitch,`deviceSetOfflineSwitch` → `deviceSetOfflineSwitch`,routed,UNKNOWN,,apk-audit/02-protocol-api.md:136; J:com/tvt/protocol_sdk/request/DeviceSetOfflineSwitchRequest.java:10,136,NO,
DeviceTransferRequest,/sdk/deviceTransfer,`deviceTransfer` → `deviceTransfer`,routed,MAPPED,P10.2.op02,apk-audit/02-protocol-api.md:137; J:com/tvt/protocol_sdk/request/DeviceTransferRequest.java:10,137,NO,
DeviceUnBindRequest,/sdk/deviceUnBind,`deviceUnBind` → `deviceUnBind`,routed,MAPPED,P10.3.op03,apk-audit/02-protocol-api.md:138; J:com/tvt/protocol_sdk/request/DeviceUnBindRequest.java:10,138,NO,
EndLiveVideoDataWithDeviceIdRequest,/sdk/endLiveVideoDataWithDeviceId,`natCloseLiveVideo` → `natCloseLiveVideo`,native zero-return stub,BROKEN_STUB,,apk-audit/02-protocol-api.md:139; J:com/tvt/protocol_sdk/request/EndLiveVideoDataWithDeviceIdRequest.java:11,139,NO,apk-audit/08-native-abi-jni.md:76
GetAccountChannelListRequest,/sdk/getAccountChannelList,`getAccountChannelList` → `getAccountChannelList`,routed,UNKNOWN,,apk-audit/02-protocol-api.md:140; J:com/tvt/protocol_sdk/request/GetAccountChannelListRequest.java:12,140,NO,
GetAccountDeviceListRequest,/sdk/getAccountDeviceList,`getAccountDeviceList` → `getAccountDeviceList`,routed,UNKNOWN,,apk-audit/02-protocol-api.md:141; J:com/tvt/protocol_sdk/request/GetAccountDeviceListRequest.java:10,141,NO,
GetAllDeviceAbilityRequest,/sdk/getAllDeviceCapability,`getAllDeviceCapability` → `getAllDeviceCapability`,routed,UNKNOWN,,apk-audit/02-protocol-api.md:142; J:com/tvt/protocol_sdk/request/GetAllDeviceAbilityRequest.java:8,142,NO,
GetChannelDetailInfoRequest,/sdk/getChannelDetailInfo,`getChannelDetailInfo` → `getChannelDetailInfo`,routed,UNKNOWN,,apk-audit/02-protocol-api.md:143; J:com/tvt/protocol_sdk/request/GetChannelDetailInfoRequest.java:11,143,NO,
GetDeviceAbilityListRequest,/sdk/getDeviceAbilityList,`getDeviceAbilityList` → `getDeviceAbilityList`,routed,UNKNOWN,,apk-audit/02-protocol-api.md:144; J:com/tvt/protocol_sdk/request/GetDeviceAbilityListRequest.java:10,144,NO,
GetDeviceAccessTokenRequest,/sdk/getDeviceAccessToken,`getDeviceAccessToken` → `getDeviceAccessToken`,routed,UNKNOWN,,apk-audit/02-protocol-api.md:145; J:com/tvt/protocol_sdk/request/GetDeviceAccessTokenRequest.java:10,145,NO,
getDeviceBindStatusRequest,/sdk/getDeviceBindStatus,`getDeviceBindStatus` → `getDeviceBindStatus`,routed,UNKNOWN,,apk-audit/02-protocol-api.md:146; J:com/tvt/protocol_sdk/request/getDeviceBindStatusRequest.java:8,146,NO,
GetDeviceDcInfoRequest,/sdk/getDeviceDcInfo,`getDeviceDcInfo` → `getDeviceDcInfo`,routed,UNKNOWN,,apk-audit/02-protocol-api.md:147; J:com/tvt/protocol_sdk/request/GetDeviceDcInfoRequest.java:11,147,NO,
GetDeviceDetailInfoRequest,/sdk/getDeviceDetailInfo,`getDeviceDetailInfo` → `getDeviceDetailInfo`,routed,UNKNOWN,,apk-audit/02-protocol-api.md:148; J:com/tvt/protocol_sdk/request/GetDeviceDetailInfoRequest.java:11,148,NO,
GetDeviceGroupListRequest,/sdk/getDeviceGroupList,`getDeviceGroupList` → `getDeviceGroupList`,routed,UNKNOWN,,apk-audit/02-protocol-api.md:149; J:com/tvt/protocol_sdk/request/GetDeviceGroupListRequest.java:8,149,NO,
GetDeviceListFromGroupRequest,/sdk/getDeviceListFromGroup,`getDeviceListFromGroup` → `getDeviceListFromGroup`,routed,UNKNOWN,,apk-audit/02-protocol-api.md:150; J:com/tvt/protocol_sdk/request/GetDeviceListFromGroupRequest.java:10,150,NO,
GetDeviceListToOurGroupRequest,/sdk/getDeviceListToOurGroup,`getDeviceListToOurGroup` → `getDeviceListToOurGroup`,routed,UNKNOWN,,apk-audit/02-protocol-api.md:151; J:com/tvt/protocol_sdk/request/GetDeviceListToOurGroupRequest.java:10,151,NO,
GetDeviceListRequest,/sdk/getDeviceList,`getDeviceList` → `getDeviceList`,routed,UNKNOWN,,apk-audit/02-protocol-api.md:152; J:com/tvt/protocol_sdk/request/GetDeviceListRequest.java:10,152,NO,
getDeviceNetSafeReportRequest,/sdk/getDeviceNetSafeReport,`getDeviceNetSafeReport` → `getDeviceNetSafeReport`,routed,UNKNOWN,,apk-audit/02-protocol-api.md:153; J:com/tvt/protocol_sdk/request/getDeviceNetSafeReportRequest.java:10,153,NO,
getDeviceNetSafeSwitchRequest,/sdk/getDeviceNetSafeSwitch,`getDeviceNetSafeSwitch` → `getDeviceNetSafeSwitch`,routed,UNKNOWN,,apk-audit/02-protocol-api.md:154; J:com/tvt/protocol_sdk/request/getDeviceNetSafeSwitchRequest.java:10,154,NO,
GetDeviceSleepStatusRequest,/sdk/getDeviceSleepStatus,`getDeviceSleepStatus` → `getDeviceSleepStatus`,routed,UNKNOWN,,apk-audit/02-protocol-api.md:155; J:com/tvt/protocol_sdk/request/GetDeviceSleepStatusRequest.java:10,155,NO,
GetDevicePwdSetCredentialRequest,/sdk/getDeviceTragetValueSetCredential,`getDeviceTragetValueSetCredential` → `getDeviceTragetValueSetCredential`,routed,UNKNOWN,,apk-audit/02-protocol-api.md:156; J:com/tvt/protocol_sdk/request/GetDevicePwdSetCredentialRequest.java:10,156,NO,
OnOffDeviceConfigRequest,/sdk/getOnOffDeviceConfig,`getOnOffDeviceConfig` → `getOnOffDeviceConfig`,routed,UNKNOWN,,apk-audit/02-protocol-api.md:157; J:com/tvt/protocol_sdk/request/OnOffDeviceConfigRequest.java:11,157,NO,
GetResidentDeviceListRequest,/sdk/getResidentDeviceList,`getResidentDeviceList` → `getResidentDeviceList`,routed,UNKNOWN,,apk-audit/02-protocol-api.md:158; J:com/tvt/protocol_sdk/request/GetResidentDeviceListRequest.java:10,158,NO,
GetTransferDeviceListRequest,/sdk/getTransferDeviceList,`getTransferDeviceList` → `getTransferDeviceList`,routed,UNKNOWN,,apk-audit/02-protocol-api.md:159; J:com/tvt/protocol_sdk/request/GetTransferDeviceListRequest.java:8,159,NO,
GetUserDeviceListRequest,/sdk/getUserDeviceList,`getUserDeviceList` → `getUserDeviceList`,routed,UNKNOWN,,apk-audit/02-protocol-api.md:160; J:com/tvt/protocol_sdk/request/GetUserDeviceListRequest.java:9,160,NO,
GetUserUnbindDeviceRequest,/sdk/getUserUnbindDeviceList,`getUserUnbindDeviceList` → `getUserUnbindDeviceList`,routed,UNKNOWN,,apk-audit/02-protocol-api.md:161; J:com/tvt/protocol_sdk/request/GetUserUnbindDeviceRequest.java:9,161,NO,
ModifyChannelRemarkRequest,/sdk/modifyChannelRemark,`modifyChannelRemark` → `modifyChannelRemark`,routed,UNKNOWN,,apk-audit/02-protocol-api.md:162; J:com/tvt/protocol_sdk/request/ModifyChannelRemarkRequest.java:11,162,NO,
ModifyDeviceGroupNameRequest,/sdk/modifyDeviceGroupName,`modifyDeviceGroupName` → `modifyDeviceGroupName`,routed,UNKNOWN,,apk-audit/02-protocol-api.md:163; J:com/tvt/protocol_sdk/request/ModifyDeviceGroupNameRequest.java:10,163,NO,
ModifyDeviceRemarkRequest,/sdk/modifyDeviceRemark,`modifyDeviceRemark` → `modifyDeviceRemark`,routed,UNKNOWN,,apk-audit/02-protocol-api.md:164; J:com/tvt/protocol_sdk/request/ModifyDeviceRemarkRequest.java:11,164,NO,
RemoveDeviceFromGroupRequest,/sdk/removeDeviceFromGroup,`removeDeviceFromGroup` → `removeDeviceFromGroup`,routed,UNKNOWN,,apk-audit/02-protocol-api.md:165; J:com/tvt/protocol_sdk/request/RemoveDeviceFromGroupRequest.java:11,165,NO,
RemoveDeviceGroupRequest,/sdk/removeDeviceGroup,`removeDeviceGroup` → `removeDeviceGroup`,routed,UNKNOWN,,apk-audit/02-protocol-api.md:166; J:com/tvt/protocol_sdk/request/RemoveDeviceGroupRequest.java:10,166,NO,
RequestGetDeviceArmRequest,/sdk/requestGetDeviceArm,`requestGetDeviceArm` → `requestGetDeviceArm`,routed,UNKNOWN,,apk-audit/02-protocol-api.md:167; J:com/tvt/protocol_sdk/request/RequestGetDeviceArmRequest.java:10,167,NO,
RequestSetDeviceArmRequest,/sdk/requestSetDeviceArm,`requestSetDeviceArm` → `requestSetDeviceArm`,routed,UNKNOWN,,apk-audit/02-protocol-api.md:168; J:com/tvt/protocol_sdk/request/RequestSetDeviceArmRequest.java:10,168,NO,
RequestWakeupDeviceRequest,/sdk/requestWakeupDevice,`requestWakeupDevice` → `requestWakeupDevice`,routed,UNKNOWN,,apk-audit/02-protocol-api.md:169; J:com/tvt/protocol_sdk/request/RequestWakeupDeviceRequest.java:10,169,NO,
sendNetSafeCheckCmdToDevRequest,/sdk/sendNetSafeCheckCmdToDev,`sendNetSafeCheckCmdToDev` → `sendNetSafeCheckCmdToDev`,routed,UNKNOWN,,apk-audit/02-protocol-api.md:170; J:com/tvt/protocol_sdk/request/sendNetSafeCheckCmdToDevRequest.java:10,170,NO,
sendNetSafeRepairCmdToDevRequest,/sdk/sendNetSafeRepairCmdToDev,`sendNetSafeRepairCmdToDev` → `sendNetSafeRepairCmdToDev`,routed,UNKNOWN,,apk-audit/02-protocol-api.md:171; J:com/tvt/protocol_sdk/request/sendNetSafeRepairCmdToDevRequest.java:10,171,NO,
setDeviceNetSafeSwitchRequest,/sdk/setDeviceNetSafeSwitch,`setDeviceNetSafeSwitch` → `setDeviceNetSafeSwitch`,routed,UNKNOWN,,apk-audit/02-protocol-api.md:172; J:com/tvt/protocol_sdk/request/setDeviceNetSafeSwitchRequest.java:10,172,NO,
SetOnOffDeviceConfigRequest,/sdk/setOnOffDeviceConfig,`setOnOffDeviceConfig` → `setOnOffDeviceConfig`,routed,UNKNOWN,,apk-audit/02-protocol-api.md:173; J:com/tvt/protocol_sdk/request/SetOnOffDeviceConfigRequest.java:8,173,NO,
StartLiveVideoDataWithDeviceIdRequest,/sdk/startLiveVideoDataWithDeviceId,`natOpenLiveVideo` → `natOpenLiveVideo`,native zero-return stub,BROKEN_STUB,,apk-audit/02-protocol-api.md:174; J:com/tvt/protocol_sdk/request/StartLiveVideoDataWithDeviceIdRequest.java:10,174,NO,apk-audit/08-native-abi-jni.md:76
UpdateUserUnbindDeviceRequest,/sdk/updateUserUnbindDevice,`updateUserUnbindDevice` → `updateUserUnbindDevice`,routed,UNKNOWN,,apk-audit/02-protocol-api.md:175; J:com/tvt/protocol_sdk/request/UpdateUserUnbindDeviceRequest.java:9,175,NO,
GetShareGroupChannelListToMeWithGroupIdsRequest,/sdk/GetShareGroupChannelListToMeWithGroupIds,`getShareGroupChannelListToMeWithGroupIds` → `getShareGroupChannelListToMeWithGroupIds`,routed,UNKNOWN,,apk-audit/02-protocol-api.md:181; J:com/tvt/protocol_sdk/request/GetShareGroupChannelListToMeWithGroupIdsRequest.java:11,181,NO,
GetSharedChlListByMyRequest,/sdk/GetSharedChlListByMy,`getSharedChlListByMy` → `getSharedChlListByMy`,routed,UNKNOWN,,apk-audit/02-protocol-api.md:182; J:com/tvt/protocol_sdk/request/GetSharedChlListByMyRequest.java:10,182,NO,
GetSharedChlListToMeRequest,/sdk/GetSharedChlListToMe,`getSharedChlListToMe` → `getSharedChlListToMe`,routed,UNKNOWN,,apk-audit/02-protocol-api.md:183; J:com/tvt/protocol_sdk/request/GetSharedChlListToMeRequest.java:10,183,NO,
GetUserCountSharedChlListRequest,/sdk/GetUserCountSharedChlList,`getUserCountSharedChlList` → `getUserCountSharedChlList`,routed,UNKNOWN,,apk-audit/02-protocol-api.md:184; J:com/tvt/protocol_sdk/request/GetUserCountSharedChlListRequest.java:11,184,NO,
SharedCameraChlsToFriendRequest,/sdk/SharedCameraChlsToFriend,`sharedCameraChlsToFriend` → `sharedCameraChlsToFriend`,routed,UNKNOWN,,apk-audit/02-protocol-api.md:185; J:com/tvt/protocol_sdk/request/SharedCameraChlsToFriendRequest.java:12,185,NO,
AcceptSharedRequest,/sdk/acceptShared,`acceptShared` → `acceptShared`,routed,MAPPED,P17.3.op01,apk-audit/02-protocol-api.md:186; J:com/tvt/protocol_sdk/request/AcceptSharedRequest.java:10,186,NO,
AddFriendGroupWithGroupNameRequest,/sdk/addFriendGroupWithGroupName,`addFriendGroupWithGroupName` → `addFriendGroupWithGroupName`,routed,UNKNOWN,,apk-audit/02-protocol-api.md:187; J:com/tvt/protocol_sdk/request/AddFriendGroupWithGroupNameRequest.java:11,187,NO,
AddFriendToGroupWithGroupIdRequest,/sdk/addFriendToGroupWithGroupId,`addFriendToGroupWithGroupId` → `addFriendToGroupWithGroupId`,routed,UNKNOWN,,apk-audit/02-protocol-api.md:188; J:com/tvt/protocol_sdk/request/AddFriendToGroupWithGroupIdRequest.java:11,188,NO,
AgreeApplyToNewFriendWithApplyIdRequest,/sdk/agreeApplyToNewFriendWithApplyId,`agreeApplyToNewFriendWithApplyId` → `agreeApplyToNewFriendWithApplyId`,routed,UNKNOWN,,apk-audit/02-protocol-api.md:189; J:com/tvt/protocol_sdk/request/AgreeApplyToNewFriendWithApplyIdRequest.java:11,189,NO,
BatchAcceptDeviceSharedRequest,/sdk/batcjAcceptDeviceShared,`batchAcceptDeviceShared` → `batchAcceptDeviceShared`,routed,UNKNOWN,,apk-audit/02-protocol-api.md:190; J:com/tvt/protocol_sdk/request/BatchAcceptDeviceSharedRequest.java:12,190,NO,
BatchAcceptSharedRequest,/sdk/batcjAcceptShared,`batchAcceptShared` → `batchAcceptShared`,routed,UNKNOWN,,apk-audit/02-protocol-api.md:191; J:com/tvt/protocol_sdk/request/BatchAcceptSharedRequest.java:12,191,NO,
DeleteFriendGroupWithGroupIdRequest,/sdk/deleteFriendGroupWithGroupId,`deleteFriendGroupWithGroupId` → `deleteFriendGroupWithGroupId`,routed,UNKNOWN,,apk-audit/02-protocol-api.md:192; J:com/tvt/protocol_sdk/request/DeleteFriendGroupWithGroupIdRequest.java:10,192,NO,
DeleteFriendsFromGroupWithGroupIdRequest,/sdk/deleteFriendsFromGroupWithGroupId,`deleteFriendsFromGroupWithGroupId` → `deleteFriendsFromGroupWithGroupId`,routed,UNKNOWN,,apk-audit/02-protocol-api.md:193; J:com/tvt/protocol_sdk/request/DeleteFriendsFromGroupWithGroupIdRequest.java:11,193,NO,
DeleteSharedRequest,/sdk/deleteShared,`deleteShared` → `deleteShared`,routed,MAPPED,P17.4.op02,apk-audit/02-protocol-api.md:194; J:com/tvt/protocol_sdk/request/DeleteSharedRequest.java:12,194,NO,
GetCanShareChlListWithFriendIdRequest,/sdk/getCanShareChlListWithFriendId,`getCanShareChlListWithFriendId` → `getCanShareChlListWithGroupId`,routed,UNKNOWN,,apk-audit/02-protocol-api.md:195; J:com/tvt/protocol_sdk/request/GetCanShareChlListWithFriendIdRequest.java:10,195,NO,
GetCanShareChlListWithGroupIdRequest,/sdk/getCanShareChlListWithGroupId,`getCanShareChlListWithGroupId` → `getCanShareChlListWithGroupId`,routed,UNKNOWN,,apk-audit/02-protocol-api.md:196; J:com/tvt/protocol_sdk/request/GetCanShareChlListWithGroupIdRequest.java:10,196,NO,
GetCanShareDeviceWithFriendIdRequest,/sdk/getCanShareDeviceWithFriendId,`getCanShareDeviceWithFriendId` → `getCanShareDeviceWithFriendId`,routed,UNKNOWN,,apk-audit/02-protocol-api.md:197; J:com/tvt/protocol_sdk/request/GetCanShareDeviceWithFriendIdRequest.java:10,197,NO,
GetCanShareFriendWithChannelIdRequest,/sdk/getCanShareFriendWithChannelId,`getCanShareFriendWithChannelId` → `getCanShareFriendWithChannelId`,routed,UNKNOWN,,apk-audit/02-protocol-api.md:198; J:com/tvt/protocol_sdk/request/GetCanShareFriendWithChannelIdRequest.java:10,198,NO,
GetCanSharedFriendListByChlIdRequest,/sdk/getCanSharedFriendListByChlId,`getCanSharedFriendListByChlId` → `getCanSharedFriendListByChlId`,routed,UNKNOWN,,apk-audit/02-protocol-api.md:199; J:com/tvt/protocol_sdk/request/GetCanSharedFriendListByChlIdRequest.java:10,199,NO,
GetCanSharedGroupListByChlIdRequest,/sdk/getCanSharedGroupListByChlId,`getCanSharedGroupListByChlId` → `getCanSharedGroupListByChlId`,routed,UNKNOWN,,apk-audit/02-protocol-api.md:200; J:com/tvt/protocol_sdk/request/GetCanSharedGroupListByChlIdRequest.java:10,200,NO,
GetFriendGroupUserListWithGroupIdRequest,/sdk/getFriendGroupUserListWithGroupId,`getFriendGroupUserListWithGroupId` → `getFriendGroupUserListWithGroupId`,routed,UNKNOWN,,apk-audit/02-protocol-api.md:201; J:com/tvt/protocol_sdk/request/GetFriendGroupUserListWithGroupIdRequest.java:10,201,NO,
GetMyFriendListRequest,/sdk/getMyFriendList,`getMyFriendList` → `getMyFriendList`,routed,UNKNOWN,,apk-audit/02-protocol-api.md:202; J:com/tvt/protocol_sdk/request/GetMyFriendListRequest.java:9,202,NO,
GetFriendGroupListRequest,/sdk/getMyGroupList,`getMyGroupList` → `getFriendGroupList`,routed,UNKNOWN,,apk-audit/02-protocol-api.md:203; J:com/tvt/protocol_sdk/request/GetFriendGroupListRequest.java:9,203,NO,
GetReceiveApplyListForNewFriendRequest,/sdk/getReceiveApplyListForNewFriend,`getReceiveApplyListForNewFriend` → `getReceiveApplyListForNewFriend`,routed,UNKNOWN,,apk-audit/02-protocol-api.md:204; J:com/tvt/protocol_sdk/request/GetReceiveApplyListForNewFriendRequest.java:9,204,NO,
GetReceiveApplyNumForNewFriendRequest,/sdk/getReceiveApplyNumForNewFriend,`getReceiveApplyNumForNewFriend` → `getReceiveApplyNumForNewFriend`,routed,UNKNOWN,,apk-audit/02-protocol-api.md:205; J:com/tvt/protocol_sdk/request/GetReceiveApplyNumForNewFriendRequest.java:9,205,NO,
GetSendApplyListForNewFriendRequest,/sdk/getSendApplyListForNewFriend,`getSendApplyListForNewFriend` → `getSendApplyListForNewFriend`,routed,UNKNOWN,,apk-audit/02-protocol-api.md:206; J:com/tvt/protocol_sdk/request/GetSendApplyListForNewFriendRequest.java:9,206,NO,
GetShareAuthByChlIdRequest,/sdk/getShareAuthByChlId,`getShareAuthByChlId` → `getShareAuthByChlId`,routed,UNKNOWN,,apk-audit/02-protocol-api.md:207; J:com/tvt/protocol_sdk/request/GetShareAuthByChlIdRequest.java:10,207,NO,
GetSharedChlInfoByChlIDRequest,/sdk/getSharedChlInfoByChlID,`getSharedChlInfoByChlID` → `getSharedChlInfoByChlID`,routed,UNKNOWN,,apk-audit/02-protocol-api.md:208; J:com/tvt/protocol_sdk/request/GetSharedChlInfoByChlIDRequest.java:9,208,NO,
GetSharedChlListByFriendIDRequest,/sdk/getSharedChlListByFriendID,`getSharedChlListByFriendID` → `getSharedChlListByFriendID`,routed,UNKNOWN,,apk-audit/02-protocol-api.md:209; J:com/tvt/protocol_sdk/request/GetSharedChlListByFriendIDRequest.java:10,209,NO,
GetSharedChlListByGroupIdRequest,/sdk/getSharedChlListByGroupId,`getSharedChlListByGroupId` → `getSharedChlListByGroupId`,routed,UNKNOWN,,apk-audit/02-protocol-api.md:210; J:com/tvt/protocol_sdk/request/GetSharedChlListByGroupIdRequest.java:10,210,NO,
GetSharedChlListByMyPageRequest,/sdk/getSharedChlListByMyPage,`getSharedChlListByMyPage` → `getSharedChlListByMyPage`,routed,UNKNOWN,,apk-audit/02-protocol-api.md:211; J:com/tvt/protocol_sdk/request/GetSharedChlListByMyPageRequest.java:10,211,NO,
GetSharedChlListToMePageRequest,/sdk/getSharedChlListToMePage,`getSharedChlListToMePage` → `getSharedChlListToMePage`,routed,UNKNOWN,,apk-audit/02-protocol-api.md:212; J:com/tvt/protocol_sdk/request/GetSharedChlListToMePageRequest.java:10,212,NO,
GetSharedInfoByShareIdRequest,/sdk/getSharedInfoByShareId,`getSharedInfoByShareId` → `getSharedInfoByShareId`,routed,UNKNOWN,,apk-audit/02-protocol-api.md:213; J:com/tvt/protocol_sdk/request/GetSharedInfoByShareIdRequest.java:10,213,NO,
GetSharedListByTargetUserRequest,/sdk/getSharedListByTargetUser,`getSharedListByTargetUser` → `getSharedListByTargetUser`,routed,UNKNOWN,,apk-audit/02-protocol-api.md:214; J:com/tvt/protocol_sdk/request/GetSharedListByTargetUserRequest.java:12,214,NO,
GetSharedListFromOtherRequest,/sdk/getSharedListFromOther,`getSharedListFromOther` → `getSharedListFromOther`,routed,UNKNOWN,,apk-audit/02-protocol-api.md:215; J:com/tvt/protocol_sdk/request/GetSharedListFromOtherRequest.java:11,215,NO,
GetSharedListToAccountRequest,/sdk/getSharedListToAccount,`getSharedListToAccount` → `getSharedListToAccount`,routed,UNREFERENCED,,apk-audit/02-protocol-api.md:216; J:com/tvt/protocol_sdk/request/GetSharedListToAccountRequest.java:10,216,NO,apk-audit/14-reachability-and-route-gaps.md:35
GetSharedListToOtherRequest,/sdk/getSharedListToOther,`getSharedListToOther` → `getSharedListToOther`,routed,UNKNOWN,,apk-audit/02-protocol-api.md:217; J:com/tvt/protocol_sdk/request/GetSharedListToOtherRequest.java:11,217,NO,
ModifyFriendGroupWithGroupIdRequest,/sdk/modifyFriendGroupWithGroupId,`modifyFriendGroupWithGroupId` → `modifyFriendGroupWithGroupId`,routed,UNKNOWN,,apk-audit/02-protocol-api.md:218; J:com/tvt/protocol_sdk/request/ModifyFriendGroupWithGroupIdRequest.java:11,218,NO,
RemarkMyFriendInfoRequest,/sdk/remarkMyFriendInfo,`remarkMyFriendInfo` → `remarkMyFriendInfo`,routed,UNKNOWN,,apk-audit/02-protocol-api.md:219; J:com/tvt/protocol_sdk/request/RemarkMyFriendInfoRequest.java:11,219,NO,
RemoveMyFriendRequest,/sdk/removeMyFriend,`removeMyFriend` → `removeMyFriend`,routed,UNKNOWN,,apk-audit/02-protocol-api.md:220; J:com/tvt/protocol_sdk/request/RemoveMyFriendRequest.java:11,220,NO,
RemoveShareChlByChlIDRequest,/sdk/removeShareChlByChlID,`removeShareChlByChlID` → `removeShareChlByChlID`,routed,UNKNOWN,,apk-audit/02-protocol-api.md:221; J:com/tvt/protocol_sdk/request/RemoveShareChlByChlIDRequest.java:10,221,NO,
RemoveShareChlByFriendIDRequest,/sdk/removeShareChlByFriendID,`removeShareChlByFriendID` → `removeShareChlByFriendID`,routed,UNKNOWN,,apk-audit/02-protocol-api.md:222; J:com/tvt/protocol_sdk/request/RemoveShareChlByFriendIDRequest.java:10,222,NO,
RemoveShareChlByShareIDRequest,/sdk/removeShareChlByShareID,`removeShareChlByShareID` → `removeShareChlByShareID`,routed,UNKNOWN,,apk-audit/02-protocol-api.md:223; J:com/tvt/protocol_sdk/request/RemoveShareChlByShareIDRequest.java:10,223,NO,
SearchMyFriendByLoginNameRequest,/sdk/searchMyFriendByLoginName,`searchMyFriendByLoginName` → `searchMyFriendByLoginName`,routed,UNKNOWN,,apk-audit/02-protocol-api.md:224; J:com/tvt/protocol_sdk/request/SearchMyFriendByLoginNameRequest.java:10,224,NO,
SearchMyFriendByRemarkRequest,/sdk/searchMyFriendByRemark,`searchMyFriendByRemark` → `searchMyFriendByRemark`,routed,UNKNOWN,,apk-audit/02-protocol-api.md:225; J:com/tvt/protocol_sdk/request/SearchMyFriendByRemarkRequest.java:11,225,NO,
SendApplyForAddFriendsRequest,/sdk/sendApplyForAddFriends,`sendApplyForAddFriends` → `sendApplyForAddFriends`,routed,UNKNOWN,,apk-audit/02-protocol-api.md:226; J:com/tvt/protocol_sdk/request/SendApplyForAddFriendsRequest.java:11,226,NO,
SetSharedChlPermissionRequest,/sdk/setSharedChlPermission,`setSharedChlPermission` → `setSharedChlPermission`,routed,UNKNOWN,,apk-audit/02-protocol-api.md:227; J:com/tvt/protocol_sdk/request/SetSharedChlPermissionRequest.java:11,227,NO,
ShareDeviceToMyGroupRequest,/sdk/shareChlToMyGroup,`shareChlToMyGroup` → `shareChlToMyGroup`,routed,UNKNOWN,,apk-audit/02-protocol-api.md:228; J:com/tvt/protocol_sdk/request/ShareDeviceToMyGroupRequest.java:13,228,NO,
ShareChlRequest,/sdk/shareChl,`shareChl` → `shareChl`,routed,UNKNOWN,,apk-audit/02-protocol-api.md:229; J:com/tvt/protocol_sdk/request/ShareChlRequest.java:13,229,NO,
SharChlToGroupsOrFriendsRequest,/sdk/sharedChlToGroupsOrFriends,`sharedChlToGroupsOrFriends` → `sharedChlToGroupsOrFriends`,routed,UNKNOWN,,apk-audit/02-protocol-api.md:230; J:com/tvt/protocol_sdk/request/SharChlToGroupsOrFriendsRequest.java:13,230,NO,
SharedChlsToFriendRequest,/sdk/sharedChlsToFriend,`sharedChlsToFriend` → `sharedChlsToFriend`,routed,UNKNOWN,,apk-audit/02-protocol-api.md:231; J:com/tvt/protocol_sdk/request/SharedChlsToFriendRequest.java:12,231,NO,
DeviceGetAlarmSwitchRequest,/sdk/DeviceGetAlarmSwitch,`deviceGetAlarmSwitch` → `deviceGetAlarmSwitch`,routed,UNKNOWN,,apk-audit/02-protocol-api.md:237; J:com/tvt/protocol_sdk/request/DeviceGetAlarmSwitchRequest.java:11,237,NO,
DeviceGetChlOfflineAlarmSwitchRequest,/sdk/DeviceGetChlOfflineAlarmSwitch,`deviceGetAlarmSwitch` → `deviceGetAlarmSwitch`,routed,UNKNOWN,,apk-audit/02-protocol-api.md:238; J:com/tvt/protocol_sdk/request/DeviceGetChlOfflineAlarmSwitchRequest.java:11,238,NO,
DeviceGetDetectAlarmSwitchRequest,/sdk/DeviceGetDetectAlarmSwitch,`deviceGetAlarmSwitch` → `deviceGetAlarmSwitch`,routed,UNKNOWN,,apk-audit/02-protocol-api.md:239; J:com/tvt/protocol_sdk/request/DeviceGetDetectAlarmSwitchRequest.java:11,239,NO,
DeviceGetOfflineAlarmSwitchRequest,/sdk/DeviceGetOfflineAlarmSwitch,`deviceGetAlarmSwitch` → `deviceGetAlarmSwitch`,routed,UNKNOWN,,apk-audit/02-protocol-api.md:240; J:com/tvt/protocol_sdk/request/DeviceGetOfflineAlarmSwitchRequest.java:11,240,NO,
DeviceGetOtherAlarmSwitchRequest,/sdk/DeviceGetOtherAlarmSwitch,`deviceGetAlarmSwitch` → `deviceGetAlarmSwitch`,routed,UNKNOWN,,apk-audit/02-protocol-api.md:241; J:com/tvt/protocol_sdk/request/DeviceGetOtherAlarmSwitchRequest.java:11,241,NO,
DeviceGetRecModeAlarmSwitchRequest,/sdk/DeviceGetRecModeAlarmSwitch,`deviceGetAlarmSwitch` → `deviceGetAlarmSwitch`,routed,UNKNOWN,,apk-audit/02-protocol-api.md:242; J:com/tvt/protocol_sdk/request/DeviceGetRecModeAlarmSwitchRequest.java:11,242,NO,
DeviceGetSensorAlarmSwitchRequest,/sdk/DeviceGetSensorAlarmSwitch,`deviceGetAlarmSwitch` → `deviceGetAlarmSwitch`,routed,UNKNOWN,,apk-audit/02-protocol-api.md:243; J:com/tvt/protocol_sdk/request/DeviceGetSensorAlarmSwitchRequest.java:11,243,NO,
GetMsgPushSwitchRequest,/sdk/GetMsgPushSwitch,`getMsgPushSwitch` → `getMsgPushSwitch`,routed,UNKNOWN,,apk-audit/02-protocol-api.md:244; J:com/tvt/protocol_sdk/request/GetMsgPushSwitchRequest.java:8,244,NO,
GetServiceMsgListRequest,/sdk/GetServiceMsgList,`getServiceMsgList` → `getServiceMsgList`,routed,UNKNOWN,,apk-audit/02-protocol-api.md:245; J:com/tvt/protocol_sdk/request/GetServiceMsgListRequest.java:10,245,NO,
GetServiceMsgTypeRequest,/sdk/GetServiceMsgType,`getServiceMsgType` → `getServiceMsgType`,routed,UNKNOWN,,apk-audit/02-protocol-api.md:246; J:com/tvt/protocol_sdk/request/GetServiceMsgTypeRequest.java:8,246,NO,
GetUnReadServiceMsgNumRequest,/sdk/GetUnReadServiceMsgNum,`getUnReadServiceMsgNum` → `getUnReadServiceMsgNum`,routed,UNKNOWN,,apk-audit/02-protocol-api.md:247; J:com/tvt/protocol_sdk/request/GetUnReadServiceMsgNumRequest.java:8,247,NO,
SetMsgPushSwitchRequest,/sdk/SetMsgPushSwitch,`setMsgPushSwitch` → `setMsgPushSwitch`,routed,UNKNOWN,,apk-audit/02-protocol-api.md:248; J:com/tvt/protocol_sdk/request/SetMsgPushSwitchRequest.java:10,248,NO,
SetServiceMsgStatusRequest,/sdk/SetServiceMsgListStatus,`setServiceMsgListStatus` → `setServiceMsgListStatus`,routed,UNKNOWN,,apk-audit/02-protocol-api.md:249; J:com/tvt/protocol_sdk/request/SetServiceMsgStatusRequest.java:12,249,NO,
AddUserDevicePushListRequest,/sdk/addUserDevicePushList,`addUserDevicePushList` → `addUserDevicePushList`,routed,UNKNOWN,,apk-audit/02-protocol-api.md:250; J:com/tvt/protocol_sdk/request/AddUserDevicePushListRequest.java:10,250,NO,
DeleteDevicePush2MessageRequest,/sdk/deleteDevicePush2Message,`deleteDevicePush2Message` → `deleteDevicePush2Message`,routed,UNKNOWN,,apk-audit/02-protocol-api.md:251; J:com/tvt/protocol_sdk/request/DeleteDevicePush2MessageRequest.java:10,251,NO,
DeleteUserDevicePushConfigRequest,/sdk/deleteUserDevicePushConfig,`deleteUserDevicePushConfig` → `deleteUserDevicePushConfig`,routed,UNKNOWN,,apk-audit/02-protocol-api.md:252; J:com/tvt/protocol_sdk/request/DeleteUserDevicePushConfigRequest.java:10,252,NO,
DeviceSetAlarmSwitchRequest,/sdk/deviceSetAlarmSwitch,`deviceSetAlarmSwitch` → `deviceSetAlarmSwitch`,routed,UNKNOWN,,apk-audit/02-protocol-api.md:253; J:com/tvt/protocol_sdk/request/DeviceSetAlarmSwitchRequest.java:12,253,NO,
EditDevicePush2ConfigRequest,/sdk/editDevicePush2Config,`editDevicePush2Config` → `editDevicePush2Config`,routed,UNKNOWN,,apk-audit/02-protocol-api.md:254; J:com/tvt/protocol_sdk/request/EditDevicePush2ConfigRequest.java:10,254,NO,
EditUserDevicePushConfigRequest,/sdk/editUserDevicePushConfig,`editUserDevicePushConfig` → `editUserDevicePushConfig`,routed,UNKNOWN,,apk-audit/02-protocol-api.md:255; J:com/tvt/protocol_sdk/request/EditUserDevicePushConfigRequest.java:10,255,NO,
GetDeviceAlarmCountInTimeRequest,/sdk/getDeviceAlarmCountInTime,`getDeviceAlarmCountInTime` → `getDeviceAlarmCountInTime`,routed,UNKNOWN,,apk-audit/02-protocol-api.md:256; J:com/tvt/protocol_sdk/request/GetDeviceAlarmCountInTimeRequest.java:11,256,NO,
GetDeviceAlarmLatestInfoRequest,/sdk/getDeviceAlarmLatestInfo,`getDeviceAlarmLatestInfo` → `getDeviceAlarmLatestInfo`,routed,UNKNOWN,,apk-audit/02-protocol-api.md:257; J:com/tvt/protocol_sdk/request/GetDeviceAlarmLatestInfoRequest.java:11,257,NO,
GetDeviceAlarmListPageRequest,/sdk/getDeviceAlarmListPage,`getDeviceAlarmListPage` → `getDeviceAlarmListPage`,routed,UNKNOWN,,apk-audit/02-protocol-api.md:258; J:com/tvt/protocol_sdk/request/GetDeviceAlarmListPageRequest.java:11,258,NO,
GetDeviceAlarmTypeRequest,/sdk/getDeviceAlarmType,`getDeviceAlarmTypeCallBack` → `getDeviceAlarmTypeCallBack`,routed,UNKNOWN,,apk-audit/02-protocol-api.md:259; J:com/tvt/protocol_sdk/request/GetDeviceAlarmTypeRequest.java:8,259,NO,
GetDeviceAlarmUnreadCountsRequest,/sdk/getDeviceAlarmUnreadCounts,`getDeviceAlarmUnreadCounts` → `getDeviceAlarmUnreadCounts`,routed,UNKNOWN,,apk-audit/02-protocol-api.md:260; J:com/tvt/protocol_sdk/request/GetDeviceAlarmUnreadCountsRequest.java:11,260,NO,
GetDeviceHDDAlarmListRequest,/sdk/getDeviceLocalStorageStatus,`getDeviceHDDAlarmList` → `getDeviceHDDAlarmList`,routed,UNKNOWN,,apk-audit/02-protocol-api.md:261; J:com/tvt/protocol_sdk/request/GetDeviceHDDAlarmListRequest.java:9,261,NO,
GetDevicePush2ConfigRequest,/sdk/getDevicePush2Config,`getDevicePush2Config` → `getDevicePush2Config`,routed,UNKNOWN,,apk-audit/02-protocol-api.md:262; J:com/tvt/protocol_sdk/request/GetDevicePush2ConfigRequest.java:10,262,NO,
GetDevicePush2DetailMessageRequest,/sdk/getDevicePush2DetailMessage,`getDevicePush2DetailMessage` → `getDevicePush2DetailMessage`,routed,UNKNOWN,,apk-audit/02-protocol-api.md:263; J:com/tvt/protocol_sdk/request/GetDevicePush2DetailMessageRequest.java:8,263,NO,
GetUserDeviceEventMessageListRequest,/sdk/getUserDeviceEventMessageList,`getUserDeviceEventMessageList` → `getUserDeviceEventMessageList`,routed,UNKNOWN,,apk-audit/02-protocol-api.md:264; J:com/tvt/protocol_sdk/request/GetUserDeviceEventMessageListRequest.java:10,264,NO,
GetUserDevicePushConfigRequest,/sdk/getUserDevicePushConfig,`getUserDevicePushConfig` → `getUserDevicePushConfig`,routed,UNKNOWN,,apk-audit/02-protocol-api.md:265; J:com/tvt/protocol_sdk/request/GetUserDevicePushConfigRequest.java:10,265,NO,
ModifyPushDeviceNameRequest,/sdk/modifyPushDeviceName,`modifyPushDeviceName` → `modifyPushDeviceName`,routed,UNKNOWN,,apk-audit/02-protocol-api.md:266; J:com/tvt/protocol_sdk/request/ModifyPushDeviceNameRequest.java:10,266,NO,
SendNotificationTokenRequest,/sdk/sendNotificationToken,`sendNotificationToken` → `sendNotificationToken`,routed,MAPPED,P15.2.op01,apk-audit/02-protocol-api.md:267; J:com/tvt/protocol_sdk/request/SendNotificationTokenRequest.java:11,267,NO,
SetDeviceAlarmStatusRequest,/sdk/setDeviceAlarmStatus,`setDeviceAlarmStatus` → `setDeviceAlarmStatus`,routed,UNKNOWN,,apk-audit/02-protocol-api.md:268; J:com/tvt/protocol_sdk/request/SetDeviceAlarmStatusRequest.java:12,268,NO,
AddDownloadAlarmVideoTaskRequest,/sdk/AddDownloadAlarmVideoTask,`addDownloadAlarmVideoTask` → `addDownloadAlarmVideoTask`,routed,UNKNOWN,,apk-audit/02-protocol-api.md:274; J:com/tvt/protocol_sdk/request/AddDownloadAlarmVideoTaskRequest.java:10,274,NO,
AddDownloadChlCoverImgTaskRequest,/sdk/AddDownloadChlCoverImgTask,`addDownloadChlCoverImgTask` → `addDownloadChlCoverImgTask`,routed,UNKNOWN,,apk-audit/02-protocol-api.md:275; J:com/tvt/protocol_sdk/request/AddDownloadChlCoverImgTaskRequest.java:10,275,NO,
AddDownloadFileRequest,/sdk/AddDownloadFileTask,`addDownloadFileTask` → `addDownloadFileTask`,routed,UNKNOWN,,apk-audit/02-protocol-api.md:276; J:com/tvt/protocol_sdk/request/AddDownloadFileRequest.java:10,276,NO,
AddDownloadPTZPresetImgTaskRequest,/sdk/AddDownloadPTZPresetImgTask,`addDownloadPTZPresetImgTask` → `addDownloadPTZPresetImgTask`,routed,UNKNOWN,,apk-audit/02-protocol-api.md:277; J:com/tvt/protocol_sdk/request/AddDownloadPTZPresetImgTaskRequest.java:10,277,NO,
AddDownloadRecordTaskRequest,/sdk/AddDownloadRecordTask,`addDownloadRecordTask` → `addDownloadRecordTask`,routed,UNKNOWN,,apk-audit/02-protocol-api.md:278; J:com/tvt/protocol_sdk/request/AddDownloadRecordTaskRequest.java:10,278,NO,
AddUploadChlCoverImgTaskRequest,/sdk/AddUploadChlCoverImgTask,`addUploadChlCoverImgTask` → `addUploadChlCoverImgTask`,routed,UNKNOWN,,apk-audit/02-protocol-api.md:279; J:com/tvt/protocol_sdk/request/AddUploadChlCoverImgTaskRequest.java:10,279,NO,
AddUploadFileRequest,/sdk/AddUploadFileTask,`addUploadFileTask` → `addUploadFileTask`,routed,UNKNOWN,,apk-audit/02-protocol-api.md:280; J:com/tvt/protocol_sdk/request/AddUploadFileRequest.java:10,280,NO,
ChlGetCloudStorageInfoRequest,/sdk/ChlGetCloudStorageInfo,`chlGetCloudStorageInfo` → `chlGetCloudStorageInfo`,routed,UNKNOWN,,apk-audit/02-protocol-api.md:281; J:com/tvt/protocol_sdk/request/ChlGetCloudStorageInfoRequest.java:10,281,NO,
DeviceFormatLocalStorageRequest,/sdk/DeviceFormatLocalStorage,`deviceFormatLocalStorage` → `deviceFormatLocalStorage`,routed,MAPPED,P11.4.op01,apk-audit/02-protocol-api.md:282; J:com/tvt/protocol_sdk/request/DeviceFormatLocalStorageRequest.java:11,282,NO,
DeviceGetLocalStorageStatusRequest,/sdk/DeviceGetLocalStorageStatus,`deviceGetLocalStorageStatus` → `deviceGetLocalStorageStatus`,routed,UNKNOWN,,apk-audit/02-protocol-api.md:283; J:com/tvt/protocol_sdk/request/DeviceGetLocalStorageStatusRequest.java:10,283,NO,
GetCloudRecordDateRequest,/sdk/GetCloudRecordDate,`getCloudRecordDate` → `getCloudRecordDate`,routed,UNKNOWN,,apk-audit/02-protocol-api.md:284; J:com/tvt/protocol_sdk/request/GetCloudRecordDateRequest.java:11,284,NO,
GetCloudRecordListRequest,/sdk/GetCloudRecordList,`getCloudRecordList` → `getCloudRecordList`,routed,UNKNOWN,,apk-audit/02-protocol-api.md:285; J:com/tvt/protocol_sdk/request/GetCloudRecordListRequest.java:11,285,NO,
GetCloudRecordStateRequest,/sdk/GetCloudRecordState,`getCloudRecordState` → `getCloudRecordState`,routed,UNKNOWN,,apk-audit/02-protocol-api.md:286; J:com/tvt/protocol_sdk/request/GetCloudRecordStateRequest.java:10,286,NO,
GetCloudVideoListRequest,/sdk/GetCloudVideoList,`getCloudVideoList` → `getCloudVideoList`,routed,MAPPED,P18.9.op01,apk-audit/02-protocol-api.md:287; J:com/tvt/protocol_sdk/request/GetCloudVideoListRequest.java:11,287,NO,
RemoveCloudRecordRequest,/sdk/RemoveCloudRecord,`removeCloudRecord` → `removeCloudRecord`,routed,MAPPED,P18.2.op03,apk-audit/02-protocol-api.md:288; J:com/tvt/protocol_sdk/request/RemoveCloudRecordRequest.java:11,288,NO,
SetCloudRecordSwitchRequest,/sdk/SetCloudRecordSwitch,`setCloudRecordSwitch` → `setCloudRecordSwitch`,routed,MAPPED,P18.5.op02,apk-audit/02-protocol-api.md:289; J:com/tvt/protocol_sdk/request/SetCloudRecordSwitchRequest.java:10,289,NO,
VASApplyServiceRequest,/sdk/applyVASService,`applyVASService` → `applyVASService`,routed,MAPPED,P18.4.op01,apk-audit/02-protocol-api.md:290; J:com/tvt/protocol_sdk/request/VASApplyServiceRequest.java:11,290,NO,
DeviceCloudStorageIsValidRequest,/sdk/deviceCloudStorageIsValid,`deviceCloudStorageIsValid`,empty SDK callback,BROKEN_STUB,,apk-audit/02-protocol-api.md:291; J:com/tvt/protocol_sdk/request/DeviceCloudStorageIsValidRequest.java:8,291,NO,apk-audit/02-protocol-api.md:689
VASAccountChlStatusRequest,/sdk/getAccountChlVASStatus,`getAccountChlVASStatus` → `getAccountChlVASStatus`,routed,UNKNOWN,,apk-audit/02-protocol-api.md:292; J:com/tvt/protocol_sdk/request/VASAccountChlStatusRequest.java:11,292,NO,
GetCloudListFromGroupRequest,/sdk/getCloudListFromGroup,`getCloudListFromGroup` → `getCloudListFromGroup`,routed,UNKNOWN,,apk-audit/02-protocol-api.md:293; J:com/tvt/protocol_sdk/request/GetCloudListFromGroupRequest.java:10,293,NO,
GetCloudDownloadTokenRequest,/sdk/getCloudStorageDownloadToken,`getCloudStorageDownloadToken` → `getCloudStorageDownloadToken`,routed,UNKNOWN,,apk-audit/02-protocol-api.md:294; J:com/tvt/protocol_sdk/request/GetCloudDownloadTokenRequest.java:10,294,NO,
VASGetDeviceCapabilityRequest,/sdk/getDeviceCapability,`getDeviceCapability` → `getDeviceCapability`,routed,UNKNOWN,,apk-audit/02-protocol-api.md:295; J:com/tvt/protocol_sdk/request/VASGetDeviceCapabilityRequest.java:10,295,NO,
GetDeviceLocalStorageStatusRequest,/sdk/getDeviceLocalStorageStatus,`getDeviceLocalStorageStatus` → `getDeviceLocalStorageStatus`,overwritten route,UNKNOWN,,apk-audit/02-protocol-api.md:296; J:com/tvt/protocol_sdk/request/GetDeviceLocalStorageStatusRequest.java:9,296,NO,
GetPlaybackRecordChlRequest,/sdk/getPlaybackRecordChl,`getPlaybackRecordChl` → `getPlaybackRecordChl`,JNI export absent,UNKNOWN,,apk-audit/02-protocol-api.md:297; J:com/tvt/protocol_sdk/request/GetPlaybackRecordChlRequest.java:10,297,NO,
GetPlaybackRecordDateRequest,/sdk/getPlaybackRecordDate,`getPlaybackRecordDate` → `getPlaybackRecordDate`,JNI export absent,UNKNOWN,,apk-audit/02-protocol-api.md:298; J:com/tvt/protocol_sdk/request/GetPlaybackRecordDateRequest.java:11,298,NO,
GetPlaybackRecordLogRequest,/sdk/getPlaybackRecordLog,`getPlaybackRecordLog` → `getPlaybackRecordLog`,JNI export absent,UNKNOWN,,apk-audit/02-protocol-api.md:299; J:com/tvt/protocol_sdk/request/GetPlaybackRecordLogRequest.java:10,299,NO,
VASGetApplyRecordListRequest,/sdk/getVASApplyRecordList,`getVASApplyRecordList` → `getVASApplyRecordList`,routed,UNKNOWN,,apk-audit/02-protocol-api.md:300; J:com/tvt/protocol_sdk/request/VASGetApplyRecordListRequest.java:10,300,NO,
VASCloudStoreGoodListRequest,/sdk/getVASCloudStoreGoodList,`getVASCloudStoreGoodList` → `getVASCloudStoreGoodList`,routed,UNKNOWN,,apk-audit/02-protocol-api.md:301; J:com/tvt/protocol_sdk/request/VASCloudStoreGoodListRequest.java:10,301,NO,
VASGetServiceApplyListRequest,/sdk/getVASGoodsList,`getVASGoodsList` → `getVASGoodList`,routed,UNKNOWN,,apk-audit/02-protocol-api.md:302; J:com/tvt/protocol_sdk/request/VASGetServiceApplyListRequest.java:10,302,NO,
VASGoodsInfoRequest,/sdk/getVASServerInfo,`getVASServerInfo` → `getVASServerInfo`,routed,UNKNOWN,,apk-audit/02-protocol-api.md:303; J:com/tvt/protocol_sdk/request/VASGoodsInfoRequest.java:10,303,NO,
VASGetServiceListRequest,/sdk/getVASServiceList,`getVASServiceList` → `getVASServiceList`,routed,UNKNOWN,,apk-audit/02-protocol-api.md:304; J:com/tvt/protocol_sdk/request/VASGetServiceListRequest.java:8,304,NO,
ValidCloudStorageChlListRequest,/sdk/getValidCloudStorageChlList,`getValidCloudStorageChlList`,empty SDK callback,BROKEN_STUB,,apk-audit/02-protocol-api.md:305; J:com/tvt/protocol_sdk/request/ValidCloudStorageChlListRequest.java:8,305,NO,apk-audit/02-protocol-api.md:689
VASPayRequest,/sdk/payVasInfo,`payVasInfo` → `payVasInfo`,routed,MAPPED,P18.4.op02,apk-audit/02-protocol-api.md:306; J:com/tvt/protocol_sdk/request/VASPayRequest.java:10,306,NO,
VASQueryServiceStatusRequest,/sdk/queryVASServiceStatus,`queryVASServiceStatus` → `queryVASServiceStatus`,routed,UNKNOWN,,apk-audit/02-protocol-api.md:307; J:com/tvt/protocol_sdk/request/VASQueryServiceStatusRequest.java:10,307,NO,
VASReNewalServiceRequest,/sdk/renewalVASService,`renewalVASService` → `renewalVASService`,routed,MAPPED,P18.4.op01,apk-audit/02-protocol-api.md:308; J:com/tvt/protocol_sdk/request/VASReNewalServiceRequest.java:11,308,NO,
VASSetInstSwitchRequest,/sdk/setVasInstSwitch,—,empty executor,BROKEN_STUB,,apk-audit/02-protocol-api.md:309; J:com/tvt/protocol_sdk/request/VASSetInstSwitchRequest.java:10,309,NO,apk-audit/02-protocol-api.md:689
GetDeviceRecordChlRequest,— (unregistered),`getDeviceRecordChl` → `getDeviceRecordChl`,JNI export absent,UNREFERENCED,,apk-audit/02-protocol-api.md:310,310,NO,apk-audit/02-protocol-api.md:688
GetDeviceRecordDateRequest,— (unregistered),`getDeviceRecordDate` → `getDeviceRecordDate`,JNI export absent,UNREFERENCED,,apk-audit/02-protocol-api.md:311,311,NO,apk-audit/02-protocol-api.md:688
GetDeviceRecordLogRequest,— (unregistered),`getDeviceRecordLog` → `getDeviceRecordLog`,JNI export absent,UNREFERENCED,,apk-audit/02-protocol-api.md:312,312,NO,apk-audit/02-protocol-api.md:688
DeviceAddPTZPresetRequest,/sdk/DeviceAddPTZPreset,`deviceAddPTZPreset` → `deviceAddPTZPreset`,routed,UNKNOWN,,apk-audit/02-protocol-api.md:318; J:com/tvt/protocol_sdk/request/DeviceAddPTZPresetRequest.java:11,318,NO,
DeviceDelPTZPresetRequest,/sdk/DeviceDelPTZPreset,`deviceDelPTZPreset` → `deviceDelPTZPreset`,routed,UNKNOWN,,apk-audit/02-protocol-api.md:319; J:com/tvt/protocol_sdk/request/DeviceDelPTZPresetRequest.java:11,319,NO,
DeviceGetPTZPresetListRequest,/sdk/DeviceGetPTZPresetList,`deviceGetPTZPresetList` → `deviceGetPTZPresetList`,routed,UNKNOWN,,apk-audit/02-protocol-api.md:320; J:com/tvt/protocol_sdk/request/DeviceGetPTZPresetListRequest.java:11,320,NO,
DeviceSetChlSnapShotRequest,/sdk/DeviceSetChlSnapShot,`deviceSetChlSnapShot` → `deviceSetChlSnapShot`,routed,UNKNOWN,,apk-audit/02-protocol-api.md:321; J:com/tvt/protocol_sdk/request/DeviceSetChlSnapShotRequest.java:10,321,NO,
ClosePlaybackStreamRequest,/sdk/closePlaybackStream,`closePlaybackStream` → `closePlaybackStream`,JNI export absent,UNKNOWN,,apk-audit/02-protocol-api.md:322; J:com/tvt/protocol_sdk/request/ClosePlaybackStreamRequest.java:10,322,NO,
ClosePlaybackRequest,/sdk/closePlayback,`closePlayback` → `closePlayback`,JNI export absent,UNKNOWN,,apk-audit/02-protocol-api.md:323; J:com/tvt/protocol_sdk/request/ClosePlaybackRequest.java:10,323,NO,
CloseRealPlayStreamRequest,/sdk/closeRealPlayStream,`closeRealPlayStream` → `closeRealPlayStream`,JNI export absent,UNKNOWN,,apk-audit/02-protocol-api.md:324; J:com/tvt/protocol_sdk/request/CloseRealPlayStreamRequest.java:10,324,NO,
ConnectDeviceRequest,/sdk/connectDevice,`connectDevice` → `connectDevice`,JNI export absent,UNKNOWN,,apk-audit/02-protocol-api.md:325; J:com/tvt/protocol_sdk/request/ConnectDeviceRequest.java:10,325,NO,
DisConnectDeviceRequest,/sdk/disConnectDevice,`disConnectDevice` → `disConnectDevice`,JNI export absent,UNKNOWN,,apk-audit/02-protocol-api.md:326; J:com/tvt/protocol_sdk/request/DisConnectDeviceRequest.java:10,326,NO,
EndAudioDataWithDeviceIdRequest,/sdk/endAudioDataWithDeviceId,`natLiveAudioSwitch` → `natLiveAudioSwitch`,native zero-return stub,BROKEN_STUB,,apk-audit/02-protocol-api.md:327; J:com/tvt/protocol_sdk/request/EndAudioDataWithDeviceIdRequest.java:11,327,NO,apk-audit/08-native-abi-jni.md:76
GetConnectStatusRequest,/sdk/getConnectStatus,`getConnectStatus` → `getConnectStatus`,JNI export absent,UNKNOWN,,apk-audit/02-protocol-api.md:328; J:com/tvt/protocol_sdk/request/GetConnectStatusRequest.java:10,328,NO,
OpenPlaybackStreamRequest,/sdk/openPlaybackStream,`openPlaybackStream` → `openPlaybackStream`,JNI export absent,UNKNOWN,,apk-audit/02-protocol-api.md:329; J:com/tvt/protocol_sdk/request/OpenPlaybackStreamRequest.java:10,329,NO,
OpenPlaybackRequest,/sdk/openPlayback,`openPlayback` → `openPlayback`,JNI export absent,UNKNOWN,,apk-audit/02-protocol-api.md:330; J:com/tvt/protocol_sdk/request/OpenPlaybackRequest.java:10,330,NO,
OpenRealPlayStreamRequest,/sdk/openRealPlayStream,`openRealPlayStream` → `openRealPlayStream`,JNI export absent,UNKNOWN,,apk-audit/02-protocol-api.md:331; J:com/tvt/protocol_sdk/request/OpenRealPlayStreamRequest.java:10,331,NO,
PlaybackAudioSwitchRequest,/sdk/playbackAudioSwitch,`playbackAudioSwitch` → `playbackAudioSwitch`,JNI export absent,UNKNOWN,,apk-audit/02-protocol-api.md:332; J:com/tvt/protocol_sdk/request/PlaybackAudioSwitchRequest.java:11,332,NO,
RealPlayAudioSwitchRequest,/sdk/realPlayAudioSwitch,`realPlayAudioSwitch` → `realPlayAudioSwitch`,JNI export absent,UNKNOWN,,apk-audit/02-protocol-api.md:333; J:com/tvt/protocol_sdk/request/RealPlayAudioSwitchRequest.java:10,333,NO,
SeekPlaybackStreamRequest,/sdk/seekPlaybackStream,`seekPlaybackStream` → `seekPlaybackStream`,JNI export absent,UNKNOWN,,apk-audit/02-protocol-api.md:334; J:com/tvt/protocol_sdk/request/SeekPlaybackStreamRequest.java:10,334,NO,
SeekPlaybackRequest,/sdk/seekPlayback,`seekPlayback` → `seekPlayback`,JNI export absent,UNKNOWN,,apk-audit/02-protocol-api.md:335; J:com/tvt/protocol_sdk/request/SeekPlaybackRequest.java:10,335,NO,
SendCmdToGetKeyFrameRequest,/sdk/sendCmdToGetKeyFrame,`sendCmdToGetKeyFrame` → `sendCmdToGetKeyFrame`,JNI export absent,UNKNOWN,,apk-audit/02-protocol-api.md:336; J:com/tvt/protocol_sdk/request/SendCmdToGetKeyFrameRequest.java:10,336,NO,
SendCmdToPTZRequest,/sdk/sendCmdToPTZ,`sendCmdToPTZ` → `sendCmdToPTZ`,overloaded JNI,UNKNOWN,,apk-audit/02-protocol-api.md:337; J:com/tvt/protocol_sdk/request/SendCmdToPTZRequest.java:11,337,NO,
SendCmdToPlaybackAllFrameRequest,/sdk/sendCmdToPlaybackAllFrame,`sendCmdToPlaybackAllFrame` → `sendCmdToPlaybackAllFrame`,JNI export absent,UNKNOWN,,apk-audit/02-protocol-api.md:338; J:com/tvt/protocol_sdk/request/SendCmdToPlaybackAllFrameRequest.java:10,338,NO,
SendCmdToPlaybackByFrameIndexRequest,/sdk/sendCmdToPlaybackByFrameIndex,`sendCmdToPlaybackByFrameIndex` → `sendCmdToPlaybackByFrameIndex`,JNI export absent,UNKNOWN,,apk-audit/02-protocol-api.md:339; J:com/tvt/protocol_sdk/request/SendCmdToPlaybackByFrameIndexRequest.java:10,339,NO,
SendCmdToPlaybackKeyFrameRequest,/sdk/sendCmdToPlaybackKeyFrame,`sendCmdToPlaybackKeyFrame` → `sendCmdToPlaybackKeyFrame`,JNI export absent,UNKNOWN,,apk-audit/02-protocol-api.md:340; J:com/tvt/protocol_sdk/request/SendCmdToPlaybackKeyFrameRequest.java:10,340,NO,
SendCmdToSnapShotRequest,/sdk/sendCmdToSnapShot,`sendCmdToSnapShot` → `sendCmdToSnapShot`,JNI export absent,UNKNOWN,,apk-audit/02-protocol-api.md:341; J:com/tvt/protocol_sdk/request/SendCmdToSnapShotRequest.java:10,341,NO,
StartAudioDataWithDeviceIdRequest,/sdk/startAudioDataWithDeviceId,`natLiveAudioSwitch` → `natLiveAudioSwitch`,native zero-return stub,BROKEN_STUB,,apk-audit/02-protocol-api.md:342; J:com/tvt/protocol_sdk/request/StartAudioDataWithDeviceIdRequest.java:10,342,NO,apk-audit/08-native-abi-jni.md:76
FeedbackReportSubmitRequest,/sdk/feedbackReportSubmit,`feedbackReportSubmit` → `feedbackReportSubmit`,routed,UNKNOWN,,apk-audit/02-protocol-api.md:348; J:com/tvt/protocol_sdk/request/FeedbackReportSubmitRequest.java:11,348,NO,
GetAITranslateWithWords,/sdk/getAITranslateWithWords,`getAITranslateWithWords` → `getAITranslateWithWords`,routed,MAPPED,P08.1.op01,apk-audit/02-protocol-api.md:349; J:com/tvt/protocol_sdk/request/GetAITranslateWithWords.java:9,349,NO,
GetCurrentDCAddressRequest,/sdk/getCurrentDCAddress,`getCurrentDCAddress` → `getCurrentDCAddress`,routed,UNKNOWN,,apk-audit/02-protocol-api.md:350; J:com/tvt/protocol_sdk/request/GetCurrentDCAddressRequest.java:9,350,NO,
GetExternalAppInfoRequest,/sdk/getExternalAppInfo,`getExternalAppInfo` → `getExternalAppInfo`,routed,UNKNOWN,,apk-audit/02-protocol-api.md:351; J:com/tvt/protocol_sdk/request/GetExternalAppInfoRequest.java:8,351,NO,
GetFuncAvailableRequest,/sdk/getFuncAvailable,`getFuncAvailable` → `getFuncAvailable`,routed,UNKNOWN,,apk-audit/02-protocol-api.md:352; J:com/tvt/protocol_sdk/request/GetFuncAvailableRequest.java:9,352,NO,
GetInstallerBindUserList,/sdk/getInstallerBindUserList,`getInstallerBindUserList` → `getInstallerBindUserList`,routed,UNKNOWN,,apk-audit/02-protocol-api.md:353; J:com/tvt/protocol_sdk/request/GetInstallerBindUserList.java:8,353,NO,
getP2PUpgradeMaintenanceLangRequest,/sdk/getP2PUpgradeMaintenanceLang,`getP2PUpgradeMaintenanceLang` → `getP2PUpgradeMaintenanceLang`,routed,UNKNOWN,,apk-audit/02-protocol-api.md:354; J:com/tvt/protocol_sdk/request/getP2PUpgradeMaintenanceLangRequest.java:8,354,NO,
GetProblemIndexListRequest,/sdk/getProblemIndexList,`getProblemIndexList` → `getProblemIndexList`,routed,UNKNOWN,,apk-audit/02-protocol-api.md:355; J:com/tvt/protocol_sdk/request/GetProblemIndexListRequest.java:8,355,NO,
GetProblemListByIndexIdRequest,/sdk/getProblemListByIndexId,`getProblemListByIndexId` → `getProblemListByIndexId`,routed,UNKNOWN,,apk-audit/02-protocol-api.md:356; J:com/tvt/protocol_sdk/request/GetProblemListByIndexIdRequest.java:10,356,NO,
GetResidentBuildingListWithRoomIdRequest,/sdk/getResidentBuildingListWithRoomId,`getResidentBuildingListWithRoomId` → `getResidentBuildingListWithRoomId`,routed,UNKNOWN,,apk-audit/02-protocol-api.md:357; J:com/tvt/protocol_sdk/request/GetResidentBuildingListWithRoomIdRequest.java:10,357,NO,
GetResidentManagerStateRequest,/sdk/getResidentManagerState,`getResidentManagerState` → `getResidentManagerState`,routed,MAPPED,P24.1.op01,apk-audit/02-protocol-api.md:358; J:com/tvt/protocol_sdk/request/GetResidentManagerStateRequest.java:10,358,NO,
GetResidentRoomsRequest,/sdk/getResidentRoomsList,`getResidentRoomsList` → `getResidentRoomsList`,routed,UNKNOWN,,apk-audit/02-protocol-api.md:359; J:com/tvt/protocol_sdk/request/GetResidentRoomsRequest.java:11,359,NO,
GetUserBindInstallerInfoRequest,/sdk/getUserBindInstallerInfo,`getUserBindInstallerInfo` → `getUserBindInstallerInfo`,routed,UNKNOWN,,apk-audit/02-protocol-api.md:360; J:com/tvt/protocol_sdk/request/GetUserBindInstallerInfoRequest.java:9,360,NO,
InstallerBindUserRequest,/sdk/installerBindUser,`installerBindUser` → `installerBindUser`,routed,UNKNOWN,,apk-audit/02-protocol-api.md:361; J:com/tvt/protocol_sdk/request/InstallerBindUserRequest.java:8,361,NO,
SetExternalAppInfoRequest,/sdk/setExternalAppInfo,`setExternalAppInfo` → `setExternalAppInfo`,routed,UNKNOWN,,apk-audit/02-protocol-api.md:362; J:com/tvt/protocol_sdk/request/SetExternalAppInfoRequest.java:8,362,NO,
UserUnbindInstallerRequest,/sdk/userUnbindInstaller,`userUnbindInstaller` → `userUnbindInstaller`,routed,UNKNOWN,,apk-audit/02-protocol-api.md:363; J:com/tvt/protocol_sdk/request/UserUnbindInstallerRequest.java:8,363,NO,
