case_id,family,operation,operation_id,adapter_path,fixture_digest,rights_reference,runtime_proof,status,owner
P01.1,shell,local.consent_state,P01.1.op01,NOT_APPLICABLE,UNKNOWN,NOT_APPLICABLE,NO,NOT_APPLICABLE,W03/W22
P01.2,shell,local.deeplink_resolution,P01.2.op01,UNKNOWN,UNKNOWN,UNKNOWN,NO,UNMAPPED,W03/W22
P01.2,shell,account.session_gate,P01.2.op02,UNKNOWN,UNKNOWN,UNKNOWN,NO,UNMAPPED,W03/W22
P02.1,account,account.challenge,P02.1.op01,UNKNOWN,UNKNOWN,UNKNOWN,NO,UNMAPPED,W05/W06
P02.1,account,account.login,P02.1.op02,UNKNOWN,UNKNOWN,UNKNOWN,NO,UNMAPPED,W05/W06
P02.1,account,account.profile,P02.1.op03,UNKNOWN,UNKNOWN,UNKNOWN,NO,UNMAPPED,W05/W06
P02.1,account,account.p2p_token,P02.1.op04,UNKNOWN,UNKNOWN,UNKNOWN,NO,UNMAPPED,W05/W06
P02.2,account,account.verification_code,P02.2.op01,UNKNOWN,UNKNOWN,UNKNOWN,NO,UNMAPPED,W05/W06
P02.2,account,account.register,P02.2.op02,UNKNOWN,UNKNOWN,UNKNOWN,NO,UNMAPPED,W05/W06
P02.3,account,account.recovery_code,P02.3.op01,UNKNOWN,UNKNOWN,UNKNOWN,NO,UNMAPPED,W05/W06
P02.3,account,account.reset_password,P02.3.op02,UNKNOWN,UNKNOWN,UNKNOWN,NO,UNMAPPED,W05/W06
P02.3,account,account.session_invalidation,P02.3.op03,UNKNOWN,UNKNOWN,UNKNOWN,NO,UNMAPPED,W05/W06
P02.4,account,provider.authorization,P02.4.op01,UNKNOWN,UNKNOWN,UNKNOWN,NO,UNMAPPED,W05/W06
P02.4,account,account.provider_login,P02.4.op02,UNKNOWN,UNKNOWN,UNKNOWN,NO,UNMAPPED,W05/W06
P02.5,account,account.qr_uuid,P02.5.op01,UNKNOWN,UNKNOWN,UNKNOWN,NO,UNMAPPED,W05/W06
P02.5,account,account.qr_authorization,P02.5.op02,UNKNOWN,UNKNOWN,UNKNOWN,NO,UNMAPPED,W05/W06
P03.1,media,device.channel_list,P03.1.op01,UNKNOWN,UNKNOWN,UNKNOWN,NO,UNMAPPED,W07-W11
P03.1,media,device.access_token,P03.1.op02,UNKNOWN,UNKNOWN,UNKNOWN,NO,UNMAPPED,W07-W11
P03.1,media,media.live_open,P03.1.op03,UNKNOWN,UNKNOWN,UNKNOWN,NO,UNMAPPED,W07-W11
P03.1,media,media.live_close,P03.1.op04,UNKNOWN,UNKNOWN,UNKNOWN,NO,UNMAPPED,W07-W11
P03.2,media,device.stream_capability,P03.2.op01,UNKNOWN,UNKNOWN,UNKNOWN,NO,UNMAPPED,W07-W11
P03.2,media,media.live_quality_switch,P03.2.op02,UNKNOWN,UNKNOWN,UNKNOWN,NO,UNMAPPED,W07-W11
P04.1,media,media.concurrent_live_open,P04.1.op01,UNKNOWN,UNKNOWN,UNKNOWN,NO,UNMAPPED,W07-W11
P04.1,media,media.tile_close,P04.1.op02,UNKNOWN,UNKNOWN,UNKNOWN,NO,UNMAPPED,W07-W11
P04.2,media,media.listen_open,P04.2.op01,UNKNOWN,UNKNOWN,UNKNOWN,NO,UNMAPPED,W07-W11
P04.2,media,media.talk_open,P04.2.op02,UNKNOWN,UNKNOWN,UNKNOWN,NO,UNMAPPED,W07-W11
P04.2,media,media.talk_send,P04.2.op03,UNKNOWN,UNKNOWN,UNKNOWN,NO,UNMAPPED,W07-W11
P04.2,media,media.talk_close,P04.2.op04,UNKNOWN,UNKNOWN,UNKNOWN,NO,UNMAPPED,W07-W11
P05.1,control,media.live_frame,P05.1.op01,UNKNOWN,UNKNOWN,UNKNOWN,NO,UNMAPPED,W09/W14
P05.1,control,local.snapshot_or_record,P05.1.op02,UNKNOWN,UNKNOWN,UNKNOWN,NO,UNMAPPED,W09/W14
P05.2,control,device.ptz_move,P05.2.op01,UNKNOWN,UNKNOWN,UNKNOWN,NO,UNMAPPED,W09/W14
P05.2,control,device.ptz_stop,P05.2.op02,UNKNOWN,UNKNOWN,UNKNOWN,NO,UNMAPPED,W09/W14
P05.2,control,device.ptz_preset,P05.2.op03,UNKNOWN,UNKNOWN,UNKNOWN,NO,UNMAPPED,W09/W14
P05.3,control,local.dewarp,P05.3.op01,UNKNOWN,UNKNOWN,UNKNOWN,NO,UNMAPPED,W09/W14
P05.3,control,device.lens_setting,P05.3.op02,UNKNOWN,UNKNOWN,UNKNOWN,NO,UNMAPPED,W09/W14
P06.1,control,account.favorite_list,P06.1.op01,UNKNOWN,UNKNOWN,UNKNOWN,NO,UNMAPPED,W09/W14
P06.1,control,account.favorite_mutation,P06.1.op02,UNKNOWN,UNKNOWN,UNKNOWN,NO,UNMAPPED,W09/W14
P06.2,control,device.manual_alarm,P06.2.op01,UNKNOWN,UNKNOWN,UNKNOWN,NO,UNMAPPED,W09/W14
P06.2,control,device.actuator_control,P06.2.op02,UNKNOWN,UNKNOWN,UNKNOWN,NO,UNMAPPED,W09/W14
P06.2,control,device.mode_setting,P06.2.op03,UNKNOWN,UNKNOWN,UNKNOWN,NO,UNMAPPED,W09/W14
P06.3,control,local.wav_validation,P06.3.op01,UNKNOWN,UNKNOWN,UNKNOWN,NO,UNMAPPED,W09/W14
P06.3,control,device.alarm_clip_upload,P06.3.op02,UNKNOWN,UNKNOWN,UNKNOWN,NO,UNMAPPED,W09/W14
P06.3,control,device.alarm_clip_select,P06.3.op03,UNKNOWN,UNKNOWN,UNKNOWN,NO,UNMAPPED,W09/W14
P06.3,control,device.alarm_clip_play,P06.3.op04,UNKNOWN,UNKNOWN,UNKNOWN,NO,UNMAPPED,W09/W14
P06.3,control,device.alarm_clip_delete,P06.3.op05,UNKNOWN,UNKNOWN,UNKNOWN,NO,UNMAPPED,W09/W14
P07.1,media,device.recording_search,P07.1.op01,UNKNOWN,UNKNOWN,UNKNOWN,NO,UNMAPPED,W07-W11
P07.1,media,media.playback_open,P07.1.op02,UNKNOWN,UNKNOWN,UNKNOWN,NO,UNMAPPED,W07-W11
P07.1,media,media.playback_seek,P07.1.op03,UNKNOWN,UNKNOWN,UNKNOWN,NO,UNMAPPED,W07-W11
P07.1,media,media.playback_close,P07.1.op04,UNKNOWN,UNKNOWN,UNKNOWN,NO,UNMAPPED,W07-W11
P07.2,media,device.backup_request,P07.2.op01,UNKNOWN,UNKNOWN,UNKNOWN,NO,UNMAPPED,W07-W11
P07.2,media,media.backup_transfer,P07.2.op02,UNKNOWN,UNKNOWN,UNKNOWN,NO,UNMAPPED,W07-W11
P07.2,media,local.backup_file,P07.2.op03,UNKNOWN,UNKNOWN,UNKNOWN,NO,UNMAPPED,W07-W11
P08.1,ai,account.translate_query,P08.1.op01,UNKNOWN,UNKNOWN,UNKNOWN,NO,UNMAPPED,W12/W16
P08.1,ai,device.ai_text_search,P08.1.op02,UNKNOWN,UNKNOWN,UNKNOWN,NO,UNMAPPED,W12/W16
P08.2,ai,local.speech_recognition,P08.2.op01,UNKNOWN,UNKNOWN,UNKNOWN,NO,UNMAPPED,W12/W16
P08.2,ai,device.ai_text_search,P08.2.op02,UNKNOWN,UNKNOWN,UNKNOWN,NO,UNMAPPED,W12/W16
P08.3,ai,device.ai_attribute_search,P08.3.op01,UNKNOWN,UNKNOWN,UNKNOWN,NO,UNMAPPED,W12/W16
P08.3,ai,device.ai_picture_search,P08.3.op02,UNKNOWN,UNKNOWN,UNKNOWN,NO,UNMAPPED,W12/W16
P08.4,ai,local_or_account.search_history_read,P08.4.op01,UNKNOWN,UNKNOWN,UNKNOWN,NO,UNMAPPED,W12/W16
P08.4,ai,local_or_account.search_history_select,P08.4.op02,UNKNOWN,UNKNOWN,UNKNOWN,NO,UNMAPPED,W12/W16
P09.1,ai,local.face_detect,P09.1.op01,UNKNOWN,UNKNOWN,UNKNOWN,NO,UNMAPPED,W12/W16
P09.1,ai,device.face_enroll,P09.1.op02,UNKNOWN,UNKNOWN,UNKNOWN,NO,UNMAPPED,W12/W16
P09.1,ai,device.face_readback,P09.1.op03,UNKNOWN,UNKNOWN,UNKNOWN,NO,UNMAPPED,W12/W16
P09.2,ai,device.plate_enroll,P09.2.op01,UNKNOWN,UNKNOWN,UNKNOWN,NO,UNMAPPED,W12/W16
P09.2,ai,device.plate_search,P09.2.op02,UNKNOWN,UNKNOWN,UNKNOWN,NO,UNMAPPED,W12/W16
P09.2,ai,device.plate_readback,P09.2.op03,UNKNOWN,UNKNOWN,UNKNOWN,NO,UNMAPPED,W12/W16
P10.1,device,local.qr_or_lan_discovery,P10.1.op01,UNKNOWN,UNKNOWN,UNKNOWN,NO,UNMAPPED,W07/W13/W14
P10.1,device,device.local_add,P10.1.op02,UNKNOWN,UNKNOWN,UNKNOWN,NO,UNMAPPED,W07/W13/W14
P10.2,device,account.device_bind,P10.2.op01,UNKNOWN,UNKNOWN,UNKNOWN,NO,UNMAPPED,W07/W13/W14
P10.2,device,account.device_transfer,P10.2.op02,UNKNOWN,UNKNOWN,UNKNOWN,NO,UNMAPPED,W07/W13/W14
P10.2,device,account.share_accept,P10.2.op03,UNKNOWN,UNKNOWN,UNKNOWN,NO,UNMAPPED,W07/W13/W14
P10.3,device,local.device_list_edit,P10.3.op01,UNKNOWN,UNKNOWN,UNKNOWN,NO,UNMAPPED,W07/W13/W14
P10.3,device,account.device_rename_group,P10.3.op02,UNKNOWN,UNKNOWN,UNKNOWN,NO,UNMAPPED,W07/W13/W14
P10.3,device,account.device_unbind,P10.3.op03,UNKNOWN,UNKNOWN,UNKNOWN,NO,UNMAPPED,W07/W13/W14
P11.1,device,device.information_read,P11.1.op01,UNKNOWN,UNKNOWN,UNKNOWN,NO,UNMAPPED,W07/W13/W14
P11.1,device,device.storage_status_read,P11.1.op02,UNKNOWN,UNKNOWN,UNKNOWN,NO,UNMAPPED,W07/W13/W14
P11.2,device,device.setting_read,P11.2.op01,UNKNOWN,UNKNOWN,UNKNOWN,NO,UNMAPPED,W07/W13/W14
P11.2,device,device.setting_write,P11.2.op02,UNKNOWN,UNKNOWN,UNKNOWN,NO,UNMAPPED,W07/W13/W14
P11.2,device,device.setting_readback,P11.2.op03,UNKNOWN,UNKNOWN,UNKNOWN,NO,UNMAPPED,W07/W13/W14
P11.3,device,device.password_change,P11.3.op01,UNKNOWN,UNKNOWN,UNKNOWN,NO,UNMAPPED,W07/W13/W14
P11.3,device,device.power_time_setting,P11.3.op02,UNKNOWN,UNKNOWN,UNKNOWN,NO,UNMAPPED,W07/W13/W14
P11.3,device,device.firmware_query,P11.3.op03,UNKNOWN,UNKNOWN,UNKNOWN,NO,UNMAPPED,W07/W13/W14
P11.3,device,device.firmware_update,P11.3.op04,UNKNOWN,UNKNOWN,UNKNOWN,NO,UNMAPPED,W07/W13/W14
P11.4,device,device.storage_format,P11.4.op01,UNKNOWN,UNKNOWN,UNKNOWN,NO,UNMAPPED,W07/W13/W14
P11.4,device,device.reboot,P11.4.op02,UNKNOWN,UNKNOWN,UNKNOWN,NO,UNMAPPED,W07/W13/W14
P11.4,device,device.post_action_readback,P11.4.op03,UNKNOWN,UNKNOWN,UNKNOWN,NO,UNMAPPED,W07/W13/W14
P12.1,doorbell,local.doorbell_ap_connect,P12.1.op01,UNKNOWN,UNKNOWN,UNKNOWN,NO,UNMAPPED,W12
P12.1,doorbell,device.wifi_provision,P12.1.op02,UNKNOWN,UNKNOWN,UNKNOWN,NO,UNMAPPED,W12
P12.1,doorbell,account.doorbell_bind,P12.1.op03,UNKNOWN,UNKNOWN,UNKNOWN,NO,UNMAPPED,W12
P12.2,doorbell,alarm.doorbell_invite,P12.2.op01,UNKNOWN,UNKNOWN,UNKNOWN,NO,UNMAPPED,W12
P12.2,doorbell,media.doorbell_answer,P12.2.op02,UNKNOWN,UNKNOWN,UNKNOWN,NO,UNMAPPED,W12
P12.2,doorbell,media.doorbell_reject,P12.2.op03,UNKNOWN,UNKNOWN,UNKNOWN,NO,UNMAPPED,W12
P12.2,doorbell,media.doorbell_hangup,P12.2.op04,UNKNOWN,UNKNOWN,UNKNOWN,NO,UNMAPPED,W12
P12.3,doorbell,device.doorbell_setting_read,P12.3.op01,UNKNOWN,UNKNOWN,UNKNOWN,NO,UNMAPPED,W12
P12.3,doorbell,device.doorbell_setting_write,P12.3.op02,UNKNOWN,UNKNOWN,UNKNOWN,NO,UNMAPPED,W12
P12.3,doorbell,device.doorbell_setting_readback,P12.3.op03,UNKNOWN,UNKNOWN,UNKNOWN,NO,UNMAPPED,W12
P12.4,doorbell,device.doorbell_activate,P12.4.op01,UNKNOWN,UNKNOWN,UNKNOWN,NO,UNMAPPED,W12
P12.4,doorbell,device.wifi_reset,P12.4.op02,UNKNOWN,UNKNOWN,UNKNOWN,NO,UNMAPPED,W12
P12.4,doorbell,account.doorbell_readback,P12.4.op03,UNKNOWN,UNKNOWN,UNKNOWN,NO,UNMAPPED,W12
P13.1,device,device.defense_capability,P13.1.op01,UNKNOWN,UNKNOWN,UNKNOWN,NO,UNMAPPED,W07/W13/W14
P13.1,device,device.defense_list,P13.1.op02,UNKNOWN,UNKNOWN,UNKNOWN,NO,UNMAPPED,W07/W13/W14
P13.1,device,device.defense_mutation,P13.1.op03,UNKNOWN,UNKNOWN,UNKNOWN,NO,UNMAPPED,W07/W13/W14
P13.1,device,device.defense_readback,P13.1.op04,UNKNOWN,UNKNOWN,UNKNOWN,NO,UNMAPPED,W07/W13/W14
P14.1,alarm,alarm.socket_or_push_ingress,P14.1.op01,UNKNOWN,UNKNOWN,UNKNOWN,NO,UNMAPPED,W13/W15
P14.1,alarm,alarm.history_replay,P14.1.op02,UNKNOWN,UNKNOWN,UNKNOWN,NO,UNMAPPED,W13/W15
P14.1,alarm,local.notification_cache,P14.1.op03,UNKNOWN,UNKNOWN,UNKNOWN,NO,UNMAPPED,W13/W15
P14.2,alarm,alarm.detail_read,P14.2.op01,UNKNOWN,UNKNOWN,UNKNOWN,NO,UNMAPPED,W13/W15
P14.2,alarm,media.alarm_link_open,P14.2.op02,UNKNOWN,UNKNOWN,UNKNOWN,NO,UNMAPPED,W13/W15
P14.2,alarm,alarm.read_or_delete,P14.2.op03,UNKNOWN,UNKNOWN,UNKNOWN,NO,UNMAPPED,W13/W15
P14.3,alarm,alarm.generic_list_route,P14.3.op01,UNKNOWN,UNKNOWN,UNKNOWN,NO,UNMAPPED,W13/W15
P15.1,alarm,alarm.push_setting_read,P15.1.op01,UNKNOWN,UNKNOWN,UNKNOWN,NO,UNMAPPED,W13/W15
P15.1,alarm,alarm.push_setting_write,P15.1.op02,UNKNOWN,UNKNOWN,UNKNOWN,NO,UNMAPPED,W13/W15
P15.1,alarm,alarm.delivery_verify,P15.1.op03,UNKNOWN,UNKNOWN,UNKNOWN,NO,UNMAPPED,W13/W15
P15.2,alarm,alarm.push_token_register,P15.2.op01,UNKNOWN,UNKNOWN,UNKNOWN,NO,UNMAPPED,W13/W15
P15.2,alarm,alarm.push_delivery_verify,P15.2.op02,UNKNOWN,UNKNOWN,UNKNOWN,NO,UNMAPPED,W13/W15
P16.1,account,account.profile_read,P16.1.op01,UNKNOWN,UNKNOWN,UNKNOWN,NO,UNMAPPED,W05/W06
P16.1,account,account.profile_write,P16.1.op02,UNKNOWN,UNKNOWN,UNKNOWN,NO,UNMAPPED,W05/W06
P16.1,account,account.binding_change,P16.1.op03,UNKNOWN,UNKNOWN,UNKNOWN,NO,UNMAPPED,W05/W06
P16.2,account,account.password_change,P16.2.op01,UNKNOWN,UNKNOWN,UNKNOWN,NO,UNMAPPED,W05/W06
P16.2,account,account.account_type_change,P16.2.op02,UNKNOWN,UNKNOWN,UNKNOWN,NO,UNMAPPED,W05/W06
P16.2,account,account.logout,P16.2.op03,UNKNOWN,UNKNOWN,UNKNOWN,NO,UNMAPPED,W05/W06
P16.3,account,provider.link_callback,P16.3.op01,UNKNOWN,UNKNOWN,UNKNOWN,NO,UNMAPPED,W05/W06
P16.3,account,account.provider_bind,P16.3.op02,UNKNOWN,UNKNOWN,UNKNOWN,NO,UNMAPPED,W05/W06
P16.3,account,account.provider_unbind,P16.3.op03,UNKNOWN,UNKNOWN,UNKNOWN,NO,UNMAPPED,W05/W06
P16.4,account,account.deletion_verify,P16.4.op01,UNKNOWN,UNKNOWN,UNKNOWN,NO,UNMAPPED,W05/W06
P16.4,account,account.delete,P16.4.op02,UNKNOWN,UNKNOWN,UNKNOWN,NO,UNMAPPED,W05/W06
P16.4,account,account.deletion_readback,P16.4.op03,UNKNOWN,UNKNOWN,UNKNOWN,NO,UNMAPPED,W05/W06
P17.1,sharing,account.friend_search,P17.1.op01,UNKNOWN,UNKNOWN,UNKNOWN,NO,UNMAPPED,W13
P17.1,sharing,account.friend_invite_accept,P17.1.op02,UNKNOWN,UNKNOWN,UNKNOWN,NO,UNMAPPED,W13
P17.1,sharing,account.friend_group_mutation,P17.1.op03,UNKNOWN,UNKNOWN,UNKNOWN,NO,UNMAPPED,W13
P17.2,sharing,account.share_create,P17.2.op01,UNKNOWN,UNKNOWN,UNKNOWN,NO,UNMAPPED,W13
P17.2,sharing,account.share_list,P17.2.op02,UNKNOWN,UNKNOWN,UNKNOWN,NO,UNMAPPED,W13
P17.2,sharing,device.share_permission_check,P17.2.op03,UNKNOWN,UNKNOWN,UNKNOWN,NO,UNMAPPED,W13
P17.3,sharing,account.share_accept,P17.3.op01,UNKNOWN,UNKNOWN,UNKNOWN,NO,UNMAPPED,W13
P17.3,sharing,account.share_readback,P17.3.op02,UNKNOWN,UNKNOWN,UNKNOWN,NO,UNMAPPED,W13
P17.4,sharing,account.share_permission_change,P17.4.op01,UNKNOWN,UNKNOWN,UNKNOWN,NO,UNMAPPED,W13
P17.4,sharing,account.share_revoke,P17.4.op02,UNKNOWN,UNKNOWN,UNKNOWN,NO,UNMAPPED,W13
P17.4,sharing,device.share_revocation_check,P17.4.op03,UNKNOWN,UNKNOWN,UNKNOWN,NO,UNMAPPED,W13
P17.5,sharing,account.alternate_share_list_route,P17.5.op01,UNKNOWN,UNKNOWN,UNKNOWN,NO,UNMAPPED,W13
P17.6,sharing,account.share_qr_create,P17.6.op01,UNKNOWN,UNKNOWN,UNKNOWN,NO,UNMAPPED,W13
P17.6,sharing,local.share_qr_scan,P17.6.op02,UNKNOWN,UNKNOWN,UNKNOWN,NO,UNMAPPED,W13
P17.6,sharing,account.share_qr_accept,P17.6.op03,UNKNOWN,UNKNOWN,UNKNOWN,NO,UNMAPPED,W13
P18.1,cloud_vas,cloud.record_list,P18.1.op01,UNKNOWN,UNKNOWN,UNKNOWN,NO,UNMAPPED,W17/W18
P18.1,cloud_vas,cloud.media_token,P18.1.op02,UNKNOWN,UNKNOWN,UNKNOWN,NO,UNMAPPED,W17/W18
P18.1,cloud_vas,cloud.playback_open,P18.1.op03,UNKNOWN,UNKNOWN,UNKNOWN,NO,UNMAPPED,W17/W18
P18.1,cloud_vas,cloud.playback_seek,P18.1.op04,UNKNOWN,UNKNOWN,UNKNOWN,NO,UNMAPPED,W17/W18
P18.2,cloud_vas,cloud.download_queue,P18.2.op01,UNKNOWN,UNKNOWN,UNKNOWN,NO,UNMAPPED,W17/W18
P18.2,cloud_vas,cloud.object_download,P18.2.op02,UNKNOWN,UNKNOWN,UNKNOWN,NO,UNMAPPED,W17/W18
P18.2,cloud_vas,cloud.record_delete,P18.2.op03,UNKNOWN,UNKNOWN,UNKNOWN,NO,UNMAPPED,W17/W18
P18.2,cloud_vas,local.download_file,P18.2.op04,UNKNOWN,UNKNOWN,UNKNOWN,NO,UNMAPPED,W17/W18
P18.3,cloud_vas,vas.catalog,P18.3.op01,UNKNOWN,UNKNOWN,UNKNOWN,NO,UNMAPPED,W17/W18
P18.3,cloud_vas,vas.eligibility,P18.3.op02,UNKNOWN,UNKNOWN,UNKNOWN,NO,UNMAPPED,W17/W18
P18.3,cloud_vas,vas.product_detail,P18.3.op03,UNKNOWN,UNKNOWN,UNKNOWN,NO,UNMAPPED,W17/W18
P18.4,cloud_vas,vas.order_create,P18.4.op01,UNKNOWN,UNKNOWN,UNKNOWN,NO,UNMAPPED,W17/W18
P18.4,cloud_vas,payment.checkout_return,P18.4.op02,UNKNOWN,UNKNOWN,UNKNOWN,NO,UNMAPPED,W17/W18
P18.4,cloud_vas,vas.entitlement_readback,P18.4.op03,UNKNOWN,UNKNOWN,UNKNOWN,NO,UNMAPPED,W17/W18
P18.4,cloud_vas,vas.auto_renew,P18.4.op04,UNKNOWN,UNKNOWN,UNKNOWN,NO,UNMAPPED,W17/W18
P18.5,cloud_vas,cloud.record_setting_read,P18.5.op01,UNKNOWN,UNKNOWN,UNKNOWN,NO,UNMAPPED,W17/W18
P18.5,cloud_vas,cloud.record_setting_write,P18.5.op02,UNKNOWN,UNKNOWN,UNKNOWN,NO,UNMAPPED,W17/W18
P18.5,cloud_vas,cloud.recording_effect,P18.5.op03,UNKNOWN,UNKNOWN,UNKNOWN,NO,UNMAPPED,W17/W18
P18.6,cloud_vas,vas.alternate_switch_route,P18.6.op01,UNKNOWN,UNKNOWN,UNKNOWN,NO,UNMAPPED,W17/W18
P18.7,cloud_vas,cloud.alternate_validity_route,P18.7.op01,UNKNOWN,UNKNOWN,UNKNOWN,NO,UNMAPPED,W17/W18
P18.8,cloud_vas,cloud.valid_channel_list_route,P18.8.op01,UNKNOWN,UNKNOWN,UNKNOWN,NO,UNMAPPED,W17/W18
P18.9,cloud_vas,cloud.video_list_route,P18.9.op01,UNKNOWN,UNKNOWN,UNKNOWN,NO,UNMAPPED,W17/W18
P18.9,cloud_vas,cloud.object_reference,P18.9.op02,UNKNOWN,UNKNOWN,UNKNOWN,NO,UNMAPPED,W17/W18
P19.1,local_assets,local.file_list_and_open,P19.1.op01,NOT_APPLICABLE,UNKNOWN,NOT_APPLICABLE,NO,NOT_APPLICABLE,W20
P19.2,local_assets,local.file_delete_and_retention,P19.2.op01,NOT_APPLICABLE,UNKNOWN,NOT_APPLICABLE,NO,NOT_APPLICABLE,W20
P19.3,local_assets,cloud.filesync_entry_probe,P19.3.op01,UNKNOWN,UNKNOWN,UNKNOWN,NO,UNMAPPED,W20
P19.4,local_assets,local.image_share,P19.4.op01,NOT_APPLICABLE,UNKNOWN,NOT_APPLICABLE,NO,NOT_APPLICABLE,W20
P20.1,preferences,local.preference_read_write,P20.1.op01,NOT_APPLICABLE,UNKNOWN,NOT_APPLICABLE,NO,NOT_APPLICABLE,W21
P20.2,preferences,local.capture_retention_preference,P20.2.op01,NOT_APPLICABLE,UNKNOWN,NOT_APPLICABLE,NO,NOT_APPLICABLE,W21
P21.1,h5,h5.remote_page_bootstrap,P21.1.op01,UNKNOWN,UNKNOWN,UNKNOWN,NO,UNMAPPED,W14/W21/W22
P21.1,h5,h5.remote_command,P21.1.op02,UNKNOWN,UNKNOWN,UNKNOWN,NO,UNMAPPED,W14/W21/W22
P21.1,h5,device.remote_setting_readback,P21.1.op03,UNKNOWN,UNKNOWN,UNKNOWN,NO,UNMAPPED,W14/W21/W22
P22.1,tyco,tyco.identity_login,P22.1.op01,UNKNOWN,UNKNOWN,UNKNOWN,NO,UNMAPPED,W19
P22.1,tyco,tyco.panel_login,P22.1.op02,UNKNOWN,UNKNOWN,UNKNOWN,NO,UNMAPPED,W19
P22.1,tyco,tyco.panel_list,P22.1.op03,UNKNOWN,UNKNOWN,UNKNOWN,NO,UNMAPPED,W19
P22.1,tyco,tyco.panel_unlink,P22.1.op04,UNKNOWN,UNKNOWN,UNKNOWN,NO,UNMAPPED,W19
P22.2,tyco,tyco.panel_status,P22.2.op01,UNKNOWN,UNKNOWN,UNKNOWN,NO,UNMAPPED,W19
P22.2,tyco,tyco.partition_device_user_list,P22.2.op02,UNKNOWN,UNKNOWN,UNKNOWN,NO,UNMAPPED,W19
P22.2,tyco,tyco.event_trouble_list,P22.2.op03,UNKNOWN,UNKNOWN,UNKNOWN,NO,UNMAPPED,W19
P22.3,tyco,tyco.arm_disarm,P22.3.op01,UNKNOWN,UNKNOWN,UNKNOWN,NO,UNMAPPED,W19
P22.3,tyco,tyco.task_poll,P22.3.op02,UNKNOWN,UNKNOWN,UNKNOWN,NO,UNMAPPED,W19
P22.3,tyco,tyco.panel_readback,P22.3.op03,UNKNOWN,UNKNOWN,UNKNOWN,NO,UNMAPPED,W19
P22.4,tyco,tyco.output_control,P22.4.op01,UNKNOWN,UNKNOWN,UNKNOWN,NO,UNMAPPED,W19
P22.4,tyco,tyco.output_timer,P22.4.op02,UNKNOWN,UNKNOWN,UNKNOWN,NO,UNMAPPED,W19
P22.4,tyco,tyco.output_readback,P22.4.op03,UNKNOWN,UNKNOWN,UNKNOWN,NO,UNMAPPED,W19
P22.5,tyco,tyco.notification_setting,P22.5.op01,UNKNOWN,UNKNOWN,UNKNOWN,NO,UNMAPPED,W19
P22.5,tyco,tyco.push_token_register,P22.5.op02,UNKNOWN,UNKNOWN,UNKNOWN,NO,UNMAPPED,W19
P22.5,tyco,tyco.delivery_verify,P22.5.op03,UNKNOWN,UNKNOWN,UNKNOWN,NO,UNMAPPED,W19
P23.1,h5,h5.help_policy_content,P23.1.op01,UNKNOWN,UNKNOWN,UNKNOWN,NO,UNMAPPED,W14/W21/W22
P23.1,h5,h5.external_navigation,P23.1.op02,UNKNOWN,UNKNOWN,UNKNOWN,NO,UNMAPPED,W14/W21/W22
P23.2,h5,local.debug_entry,P23.2.op01,UNKNOWN,UNKNOWN,UNKNOWN,NO,UNMAPPED,W14/W21/W22
P23.2,h5,local_or_unknown.debug_setting_effect,P23.2.op02,UNKNOWN,UNKNOWN,UNKNOWN,NO,UNMAPPED,W14/W21/W22
P23.3,h5,local.experience_entry,P23.3.op01,UNKNOWN,UNKNOWN,UNKNOWN,NO,UNMAPPED,W14/W21/W22
P23.3,h5,h5.experience_content_probe,P23.3.op02,UNKNOWN,UNKNOWN,UNKNOWN,NO,UNMAPPED,W14/W21/W22
P24.1,h5,account.resident_state,P24.1.op01,UNKNOWN,UNKNOWN,UNKNOWN,NO,UNMAPPED,W14/W21/W22
P24.1,h5,h5.household_page,P24.1.op02,UNKNOWN,UNKNOWN,UNKNOWN,NO,UNMAPPED,W14/W21/W22
P24.1,h5,h5.household_action_inventory,P24.1.op03,UNKNOWN,UNKNOWN,UNKNOWN,NO,UNMAPPED,W14/W21/W22
