native_declaration,method,return_type,arm64_export,arm32_export,static_disposition,operation_id,evidence_source,audit_line,runtime_proof,disposition_evidence
"acceptShared(long, String, String) @TVTOpenSDK.java:55",acceptShared,void,0x2a4af0,0x1d9641,MAPPED,P17.3.op01,apk-audit/02-protocol-api.md:371; J:com/tvt/protocol_sdk/TVTOpenSDK.java:55,371,NO,
"addDeviceGroup(long, String, String) @TVTOpenSDK.java:57",addDeviceGroup,void,0x2776ac,0x1bec25,UNKNOWN,,apk-audit/02-protocol-api.md:372; J:com/tvt/protocol_sdk/TVTOpenSDK.java:57,372,NO,
"addDeviceToFavoritesGroup(long, String, List<String>) @TVTOpenSDK.java:59",addDeviceToFavoritesGroup,void,0x298618,0x1d216d,UNKNOWN,,apk-audit/02-protocol-api.md:373; J:com/tvt/protocol_sdk/TVTOpenSDK.java:59,373,NO,
"addDeviceToGroup(long, String, String, List<String>) @TVTOpenSDK.java:61",addDeviceToGroup,void,0x27813c,0x1bf259,UNKNOWN,,apk-audit/02-protocol-api.md:374; J:com/tvt/protocol_sdk/TVTOpenSDK.java:61,374,NO,
"addDownloadAlarmVideoTask(long, String, String, String, String) @TVTOpenSDK.java:63",addDownloadAlarmVideoTask,void,0x2925cc,0x1ce9e1,UNKNOWN,,apk-audit/02-protocol-api.md:375; J:com/tvt/protocol_sdk/TVTOpenSDK.java:63,375,NO,
"addDownloadChlCoverImgTask(long, String, String, String, String) @TVTOpenSDK.java:65",addDownloadChlCoverImgTask,void,0x29780c,0x1d1989,UNKNOWN,,apk-audit/02-protocol-api.md:376; J:com/tvt/protocol_sdk/TVTOpenSDK.java:65,376,NO,
"addDownloadFileTask(long, String, String, String, String, String, String) @TVTOpenSDK.java:67",addDownloadFileTask,boolean,0x28e39c,0x1cc2e9,UNKNOWN,,apk-audit/02-protocol-api.md:377; J:com/tvt/protocol_sdk/TVTOpenSDK.java:67,377,NO,
"addDownloadPTZPresetImgTask(long, String, String, String, String, String) @TVTOpenSDK.java:69",addDownloadPTZPresetImgTask,void,0x2972bc,0x1d1685,UNKNOWN,,apk-audit/02-protocol-api.md:378; J:com/tvt/protocol_sdk/TVTOpenSDK.java:69,378,NO,
"addDownloadRecordTask(long, String, String, String, String, String) @TVTOpenSDK.java:71",addDownloadRecordTask,void,0x292084,0x1ce6e9,UNKNOWN,,apk-audit/02-protocol-api.md:379; J:com/tvt/protocol_sdk/TVTOpenSDK.java:71,379,NO,
"addFriendGroupWithGroupName(long, String, String) @TVTOpenSDK.java:73",addFriendGroupWithGroupName,void,0x283ed8,0x1c6175,UNKNOWN,,apk-audit/02-protocol-api.md:380; J:com/tvt/protocol_sdk/TVTOpenSDK.java:73,380,NO,
"addFriendToGroupWithGroupId(long, String, String, String[], boolean) @TVTOpenSDK.java:75",addFriendToGroupWithGroupId,void,0x2847a0,0x1c6695,UNKNOWN,,apk-audit/02-protocol-api.md:381; J:com/tvt/protocol_sdk/TVTOpenSDK.java:75,381,NO,
"addUploadChlCoverImgTask(long, String, String, String, String) @TVTOpenSDK.java:77",addUploadChlCoverImgTask,void,0x297cc8,0x1d1c21,UNKNOWN,,apk-audit/02-protocol-api.md:382; J:com/tvt/protocol_sdk/TVTOpenSDK.java:77,382,NO,
"addUploadFileTask(long, String, String) @TVTOpenSDK.java:79",addUploadFileTask,boolean,0x28e7c8,0x1cc585,UNKNOWN,,apk-audit/02-protocol-api.md:383; J:com/tvt/protocol_sdk/TVTOpenSDK.java:79,383,NO,
"addUserDevicePushList(long, String, String, String, String, String, int, String, int) @TVTOpenSDK.java:81",addUserDevicePushList,void,0x2ac1f8,0x1ddca5,UNKNOWN,,apk-audit/02-protocol-api.md:384; J:com/tvt/protocol_sdk/TVTOpenSDK.java:81,384,NO,
"addUserUnbindDevice(long, String, String) @TVTOpenSDK.java:83",addUserUnbindDevice,void,0x2b1d78,0x1e131d,UNKNOWN,,apk-audit/02-protocol-api.md:385; J:com/tvt/protocol_sdk/TVTOpenSDK.java:83,385,NO,
"agreeApplyToNewFriendWithApplyId(long, String, String) @TVTOpenSDK.java:85",agreeApplyToNewFriendWithApplyId,void,0x273a3c,0x1bc92d,UNKNOWN,,apk-audit/02-protocol-api.md:386; J:com/tvt/protocol_sdk/TVTOpenSDK.java:85,386,NO,
"applyVASService(long, String, String, String, String, int, int) @TVTOpenSDK.java:87",applyVASService,void,0x2a80fc,0x1db659,MAPPED,P18.4.op01,apk-audit/02-protocol-api.md:387; J:com/tvt/protocol_sdk/TVTOpenSDK.java:87,387,NO,
"batchAcceptDeviceShared(long, String, List<String>) @TVTOpenSDK.java:89",batchAcceptDeviceShared,void,0x2a52dc,0x1d9afd,UNKNOWN,,apk-audit/02-protocol-api.md:388; J:com/tvt/protocol_sdk/TVTOpenSDK.java:89,388,NO,
"batchAcceptShared(long, String, List<String>) @TVTOpenSDK.java:91",batchAcceptShared,void,0x2a4e48,0x1d9849,UNKNOWN,,apk-audit/02-protocol-api.md:389; J:com/tvt/protocol_sdk/TVTOpenSDK.java:91,389,NO,
"bindMailByLogined(long, String, String, String) @TVTOpenSDK.java:93",bindMailByLogined,void,0x288540,0x1c8b35,UNKNOWN,,apk-audit/02-protocol-api.md:390; J:com/tvt/protocol_sdk/TVTOpenSDK.java:93,390,NO,
"bindPhoneByLogined(long, String, String, String) @TVTOpenSDK.java:95",bindPhoneByLogined,void,0x288938,0x1c8d8d,UNKNOWN,,apk-audit/02-protocol-api.md:391; J:com/tvt/protocol_sdk/TVTOpenSDK.java:95,391,NO,
"bindWx(long, String, String) @TVTOpenSDK.java:97",bindWx,void,0x287ca8,0x1c8659,UNKNOWN,,apk-audit/02-protocol-api.md:392; J:com/tvt/protocol_sdk/TVTOpenSDK.java:97,392,NO,
"checkAccountIsRegister(long, String, int, String) @TVTOpenSDK.java:105",checkAccountIsRegister,void,0x2837cc,0x1c5d45,UNKNOWN,,apk-audit/02-protocol-api.md:393; J:com/tvt/protocol_sdk/TVTOpenSDK.java:105,393,NO,
"checkIsBindAccount(long, String) @TVTOpenSDK.java:107",checkIsBindAccount,void,0x2879ec,0x1c84c9,UNKNOWN,,apk-audit/02-protocol-api.md:394; J:com/tvt/protocol_sdk/TVTOpenSDK.java:107,394,NO,
"checkIsMobileBind(long, String, String) @TVTOpenSDK.java:109",checkIsMobileBind,void,0x29b60c,0x1d3d55,UNKNOWN,,apk-audit/02-protocol-api.md:395; J:com/tvt/protocol_sdk/TVTOpenSDK.java:109,395,NO,
"chlGetCloudStorageInfo(long, String, String) @TVTOpenSDK.java:111",chlGetCloudStorageInfo,void,0x28f950,0x1ccf8d,UNKNOWN,,apk-audit/02-protocol-api.md:396; J:com/tvt/protocol_sdk/TVTOpenSDK.java:111,396,NO,
"closePlayback(long, String, String, int) @TVTOpenSDK.java:113",closePlayback,void,absent,absent,UNKNOWN,,apk-audit/02-protocol-api.md:397; J:com/tvt/protocol_sdk/TVTOpenSDK.java:113,397,NO,
"closePlaybackStream(long, String) @TVTOpenSDK.java:115",closePlaybackStream,boolean,absent,absent,UNKNOWN,,apk-audit/02-protocol-api.md:398; J:com/tvt/protocol_sdk/TVTOpenSDK.java:115,398,NO,
"closeRealPlayStream(long, String) @TVTOpenSDK.java:117",closeRealPlayStream,boolean,absent,absent,UNKNOWN,,apk-audit/02-protocol-api.md:399; J:com/tvt/protocol_sdk/TVTOpenSDK.java:117,399,NO,
"connectDevice(long, String) @TVTOpenSDK.java:119",connectDevice,String,absent,absent,UNKNOWN,,apk-audit/02-protocol-api.md:400; J:com/tvt/protocol_sdk/TVTOpenSDK.java:119,400,NO,
"deleteDeviceFromFavoritesGroup(long, String, List<String>) @TVTOpenSDK.java:121",deleteDeviceFromFavoritesGroup,void,0x298aac,0x1d2421,UNKNOWN,,apk-audit/02-protocol-api.md:401; J:com/tvt/protocol_sdk/TVTOpenSDK.java:121,401,NO,
"deleteDevicePush2Message(long, String, String) @TVTOpenSDK.java:123",deleteDevicePush2Message,void,0x2abb28,0x1dd875,UNKNOWN,,apk-audit/02-protocol-api.md:402; J:com/tvt/protocol_sdk/TVTOpenSDK.java:123,402,NO,
"deleteFriendGroupWithGroupId(long, String, String) @TVTOpenSDK.java:125",deleteFriendGroupWithGroupId,void,0x2859dc,0x1c719d,UNKNOWN,,apk-audit/02-protocol-api.md:403; J:com/tvt/protocol_sdk/TVTOpenSDK.java:125,403,NO,
"deleteFriendsFromGroupWithGroupId(long, String, String, String[]) @TVTOpenSDK.java:127",deleteFriendsFromGroupWithGroupId,void,0x2867e0,0x1c7a19,UNKNOWN,,apk-audit/02-protocol-api.md:404; J:com/tvt/protocol_sdk/TVTOpenSDK.java:127,404,NO,
"deleteShared(long, String, List<String>) @TVTOpenSDK.java:129",deleteShared,void,0x2a5770,0x1d9db1,MAPPED,P17.4.op02,apk-audit/02-protocol-api.md:405; J:com/tvt/protocol_sdk/TVTOpenSDK.java:129,405,NO,
"deleteUserDevicePushConfig(long, String, String, String) @TVTOpenSDK.java:131",deleteUserDevicePushConfig,void,0x2ac7f8,0x1de00d,UNKNOWN,,apk-audit/02-protocol-api.md:406; J:com/tvt/protocol_sdk/TVTOpenSDK.java:131,406,NO,
"deleteUserUnbindDevice(long, String, String) @TVTOpenSDK.java:133",deleteUserUnbindDevice,void,0x2b20c8,0x1e1509,UNKNOWN,,apk-audit/02-protocol-api.md:407; J:com/tvt/protocol_sdk/TVTOpenSDK.java:133,407,NO,
destoryTask(long) @TVTOpenSDK.java:1044,destoryTask,boolean,0x2ae984,0x1df3fd,UNKNOWN,,apk-audit/02-protocol-api.md:408; J:com/tvt/protocol_sdk/TVTOpenSDK.java:1044,408,NO,
"deviceAddPTZPreset(long, String, String, String, String, int) @TVTOpenSDK.java:135",deviceAddPTZPreset,void,0x2891fc,0x1c927d,UNKNOWN,,apk-audit/02-protocol-api.md:409; J:com/tvt/protocol_sdk/TVTOpenSDK.java:135,409,NO,
"deviceBind(long, String, String, String, String) @TVTOpenSDK.java:137",deviceBind,void,0x2749ec,0x1bd249,MAPPED,P10.2.op01,apk-audit/02-protocol-api.md:410; J:com/tvt/protocol_sdk/TVTOpenSDK.java:137,410,NO,
"deviceChlReName(long, String, String, String) @TVTOpenSDK.java:139",deviceChlReName,void,0x28ce58,0x1cb681,UNKNOWN,,apk-audit/02-protocol-api.md:411; J:com/tvt/protocol_sdk/TVTOpenSDK.java:139,411,NO,
"deviceCloudStorageIsValid(long, String, String) @TVTOpenSDK.java:141",deviceCloudStorageIsValid,void,0x2aa024,0x1dc869,UNKNOWN,,apk-audit/02-protocol-api.md:412; J:com/tvt/protocol_sdk/TVTOpenSDK.java:141,412,NO,
"deviceDelPTZPreset(long, String, String, String, int) @TVTOpenSDK.java:143",deviceDelPTZPreset,void,0x289a2c,0x1c971d,UNKNOWN,,apk-audit/02-protocol-api.md:413; J:com/tvt/protocol_sdk/TVTOpenSDK.java:143,413,NO,
"deviceFirmwareCheckUpdate(long, String, String) @TVTOpenSDK.java:145",deviceFirmwareCheckUpdate,void,0x289e00,0x1c9949,UNKNOWN,,apk-audit/02-protocol-api.md:414; J:com/tvt/protocol_sdk/TVTOpenSDK.java:145,414,NO,
"deviceFirmwareManualUpdate(long, String, String) @TVTOpenSDK.java:147",deviceFirmwareManualUpdate,void,0x28a31c,0x1c9c4d,UNKNOWN,,apk-audit/02-protocol-api.md:415; J:com/tvt/protocol_sdk/TVTOpenSDK.java:147,415,NO,
"deviceFormatLocalStorage(long, String, String, int) @TVTOpenSDK.java:149",deviceFormatLocalStorage,void,0x28e044,0x1cc0ed,MAPPED,P11.4.op01,apk-audit/02-protocol-api.md:416; J:com/tvt/protocol_sdk/TVTOpenSDK.java:149,416,NO,
"deviceGetAlarmSwitch(long, String, String, String) @TVTOpenSDK.java:151",deviceGetAlarmSwitch,void,0x28b098,0x1ca43d,UNKNOWN,,apk-audit/02-protocol-api.md:417; J:com/tvt/protocol_sdk/TVTOpenSDK.java:151,417,NO,
"deviceGetInfo(long, String, String) @TVTOpenSDK.java:153",deviceGetInfo,void,0x275e88,0x1bde31,UNKNOWN,,apk-audit/02-protocol-api.md:418; J:com/tvt/protocol_sdk/TVTOpenSDK.java:153,418,NO,
"deviceGetLocalStorageStatus(long, String, String) @TVTOpenSDK.java:155",deviceGetLocalStorageStatus,void,0x28dcf4,0x1cbf01,UNKNOWN,,apk-audit/02-protocol-api.md:419; J:com/tvt/protocol_sdk/TVTOpenSDK.java:155,419,NO,
"deviceGetPTZPresetList(long, String, String, String) @TVTOpenSDK.java:157",deviceGetPTZPresetList,void,0x289688,0x1c94ed,UNKNOWN,,apk-audit/02-protocol-api.md:420; J:com/tvt/protocol_sdk/TVTOpenSDK.java:157,420,NO,
"deviceGetRecStatus(long, String, String, List<Integer>) @TVTOpenSDK.java:159",deviceGetRecStatus,void,0x28a66c,0x1c9e39,UNKNOWN,,apk-audit/02-protocol-api.md:421; J:com/tvt/protocol_sdk/TVTOpenSDK.java:159,421,NO,
"deviceGroupSetHomeType(long, String, String, boolean) @TVTOpenSDK.java:161",deviceGroupSetHomeType,void,0x279098,0x1bfb3d,UNKNOWN,,apk-audit/02-protocol-api.md:422; J:com/tvt/protocol_sdk/TVTOpenSDK.java:161,422,NO,
"deviceGroupSetTop(long, String, String, boolean) @TVTOpenSDK.java:163",deviceGroupSetTop,void,0x278e5c,0x1bf9f1,UNKNOWN,,apk-audit/02-protocol-api.md:423; J:com/tvt/protocol_sdk/TVTOpenSDK.java:163,423,NO,
"deviceGroupSortByIds(long, String, List<String>) @TVTOpenSDK.java:165",deviceGroupSortByIds,void,0x298184,0x1d1eb9,UNKNOWN,,apk-audit/02-protocol-api.md:424; J:com/tvt/protocol_sdk/TVTOpenSDK.java:165,424,NO,
"deviceReboot(long, String, String) @TVTOpenSDK.java:169",deviceReboot,void,0x28ad48,0x1ca251,MAPPED,P11.4.op02,apk-audit/02-protocol-api.md:425; J:com/tvt/protocol_sdk/TVTOpenSDK.java:169,425,NO,
"deviceRegister(long, String, int, String, String, String) @TVTOpenSDK.java:171",deviceRegister,void,0x274708,0x1bd0ad,UNKNOWN,,apk-audit/02-protocol-api.md:426; J:com/tvt/protocol_sdk/TVTOpenSDK.java:171,426,NO,
"deviceReName(long, String, String, String) @TVTOpenSDK.java:167",deviceReName,void,0x275a98,0x1bdbd5,MAPPED,P10.3.op02,apk-audit/02-protocol-api.md:427; J:com/tvt/protocol_sdk/TVTOpenSDK.java:167,427,NO,
"deviceSetAlarmSwitch(long, String, String, String, ConfigInfo) @TVTOpenSDK.java:173",deviceSetAlarmSwitch,void,0x28c8ac,0x1cb32d,UNKNOWN,,apk-audit/02-protocol-api.md:428; J:com/tvt/protocol_sdk/TVTOpenSDK.java:173,428,NO,
"deviceSetChlSnapShot(long, String, String, String) @TVTOpenSDK.java:175",deviceSetChlSnapShot,void,0x28d84c,0x1cbc51,UNKNOWN,,apk-audit/02-protocol-api.md:429; J:com/tvt/protocol_sdk/TVTOpenSDK.java:175,429,NO,
"deviceSetMotionSwitch(long, String, String, boolean) @TVTOpenSDK.java:177",deviceSetMotionSwitch,void,0x2793f4,0x1bfd41,UNKNOWN,,apk-audit/02-protocol-api.md:430; J:com/tvt/protocol_sdk/TVTOpenSDK.java:177,430,NO,
"deviceSetOfflineSwitch(long, String, String, boolean) @TVTOpenSDK.java:179",deviceSetOfflineSwitch,void,0x279630,0x1bfe8d,UNKNOWN,,apk-audit/02-protocol-api.md:431; J:com/tvt/protocol_sdk/TVTOpenSDK.java:179,431,NO,
"deviceTransfer(long, String, int, String, String, String) @TVTOpenSDK.java:181",deviceTransfer,void,0x2755d8,0x1bd92d,MAPPED,P10.2.op02,apk-audit/02-protocol-api.md:432; J:com/tvt/protocol_sdk/TVTOpenSDK.java:181,432,NO,
"deviceUnBind(long, String, String) @TVTOpenSDK.java:183",deviceUnBind,void,0x275288,0x1bd741,MAPPED,P10.3.op03,apk-audit/02-protocol-api.md:433; J:com/tvt/protocol_sdk/TVTOpenSDK.java:183,433,NO,
"deviceUpdateDeviceCode(long, String, String, String) @TVTOpenSDK.java:185",deviceUpdateDeviceCode,void,0x274e98,0x1bd4e5,UNKNOWN,,apk-audit/02-protocol-api.md:434; J:com/tvt/protocol_sdk/TVTOpenSDK.java:185,434,NO,
"disConnectDevice(long, String) @TVTOpenSDK.java:187",disConnectDevice,boolean,absent,absent,UNKNOWN,,apk-audit/02-protocol-api.md:435; J:com/tvt/protocol_sdk/TVTOpenSDK.java:187,435,NO,
"editDevicePush2Config(long, String, String) @TVTOpenSDK.java:189",editDevicePush2Config,void,0x2ab7d0,0x1dd66d,UNKNOWN,,apk-audit/02-protocol-api.md:436; J:com/tvt/protocol_sdk/TVTOpenSDK.java:189,436,NO,
"editUserDevicePushConfig(long, String, String) @TVTOpenSDK.java:191",editUserDevicePushConfig,void,0x2ab478,0x1dd465,UNKNOWN,,apk-audit/02-protocol-api.md:437; J:com/tvt/protocol_sdk/TVTOpenSDK.java:191,437,NO,
"feedbackReportSubmit(long, String, String, String, int, List<String>, String) @TVTOpenSDK.java:193",feedbackReportSubmit,void,0x2995f4,0x1d2ab1,UNKNOWN,,apk-audit/02-protocol-api.md:438; J:com/tvt/protocol_sdk/TVTOpenSDK.java:193,438,NO,
"findPasswordPasswordWithAccount(long, String, String, String, String, String) @TVTOpenSDK.java:195",findPasswordPasswordWithAccount,void,0x281ea8,0x1c4edd,MAPPED,P02.3.op02,apk-audit/02-protocol-api.md:439; J:com/tvt/protocol_sdk/TVTOpenSDK.java:195,439,NO,
"getAccountChannelList(long, String, List<String>) @TVTOpenSDK.java:199",getAccountChannelList,void,0x2a1ba4,0x1d79b9,UNKNOWN,,apk-audit/02-protocol-api.md:440; J:com/tvt/protocol_sdk/TVTOpenSDK.java:199,440,NO,
"getAccountChlVASStatus(long, String, String, String) @TVTOpenSDK.java:201",getAccountChlVASStatus,void,0x2a9f14,0x1dc7d1,UNKNOWN,,apk-audit/02-protocol-api.md:441; J:com/tvt/protocol_sdk/TVTOpenSDK.java:201,441,NO,
"getAccountDeviceList(long, String, int, int) @TVTOpenSDK.java:203",getAccountDeviceList,void,0x2a0fcc,0x1d72c9,UNKNOWN,,apk-audit/02-protocol-api.md:442; J:com/tvt/protocol_sdk/TVTOpenSDK.java:203,442,NO,
"getAITranslateWithWords(long, String, String) @TVTOpenSDK.java:197",getAITranslateWithWords,void,0x271ba8,0x1bb7e9,MAPPED,P08.1.op01,apk-audit/02-protocol-api.md:443; J:com/tvt/protocol_sdk/TVTOpenSDK.java:197,443,NO,
"getAllDeviceCapability(long, String) @TVTOpenSDK.java:205",getAllDeviceCapability,void,0x2a9324,0x1dc0c5,UNKNOWN,,apk-audit/02-protocol-api.md:444; J:com/tvt/protocol_sdk/TVTOpenSDK.java:205,444,NO,
"getCanShareChlListWithFriendId(long, String, String) @TVTOpenSDK.java:211",getCanShareChlListWithFriendId,void,0x285684,0x1c6f95,UNKNOWN,,apk-audit/02-protocol-api.md:445; J:com/tvt/protocol_sdk/TVTOpenSDK.java:211,445,NO,
"getCanShareChlListWithGroupId(long, String, String) @TVTOpenSDK.java:213",getCanShareChlListWithGroupId,void,0x28532c,0x1c6d8d,UNKNOWN,,apk-audit/02-protocol-api.md:446; J:com/tvt/protocol_sdk/TVTOpenSDK.java:213,446,NO,
"getCanShareDeviceWithFriendId(long, String, String) @TVTOpenSDK.java:215",getCanShareDeviceWithFriendId,void,0x27c664,0x1c1bc5,UNKNOWN,,apk-audit/02-protocol-api.md:447; J:com/tvt/protocol_sdk/TVTOpenSDK.java:215,447,NO,
"getCanSharedFriendListByChlId(long, String, String) @TVTOpenSDK.java:219",getCanSharedFriendListByChlId,void,0x287148,0x1c7f99,UNKNOWN,,apk-audit/02-protocol-api.md:448; J:com/tvt/protocol_sdk/TVTOpenSDK.java:219,448,NO,
"getCanSharedGroupListByChlId(long, String, String) @TVTOpenSDK.java:221",getCanSharedGroupListByChlId,void,0x286df0,0x1c7d91,UNKNOWN,,apk-audit/02-protocol-api.md:449; J:com/tvt/protocol_sdk/TVTOpenSDK.java:221,449,NO,
"getCanShareFriendWithChannelId(long, String, String) @TVTOpenSDK.java:217",getCanShareFriendWithChannelId,void,0x27c9bc,0x1c1dc5,UNKNOWN,,apk-audit/02-protocol-api.md:450; J:com/tvt/protocol_sdk/TVTOpenSDK.java:217,450,NO,
"getChannelDetailInfo(long, String, String, int) @TVTOpenSDK.java:223",getChannelDetailInfo,void,0x2a2bc4,0x1d8329,UNKNOWN,,apk-audit/02-protocol-api.md:451; J:com/tvt/protocol_sdk/TVTOpenSDK.java:223,451,NO,
"getCloudListFromGroup(long, String, String, int, int) @TVTOpenSDK.java:225",getCloudListFromGroup,void,0x29deb0,0x1d55b5,UNKNOWN,,apk-audit/02-protocol-api.md:452; J:com/tvt/protocol_sdk/TVTOpenSDK.java:225,452,NO,
"getCloudRecordDate(long, String, String, int, long, long) @TVTOpenSDK.java:227",getCloudRecordDate,void,0x291888,0x1ce241,UNKNOWN,,apk-audit/02-protocol-api.md:453; J:com/tvt/protocol_sdk/TVTOpenSDK.java:227,453,NO,
"getCloudRecordFileHttpURL(String, String, String) @TVTOpenSDK.java:1481",getCloudRecordFileHttpURL,String,0x29d894,0x1d51ed,UNKNOWN,,apk-audit/02-protocol-api.md:454; J:com/tvt/protocol_sdk/TVTOpenSDK.java:1481,454,NO,
"getCloudRecordList(long, String, int, String, int, String, long, long, String, int) @TVTOpenSDK.java:229",getCloudRecordList,void,0x28fca0,0x1cd179,UNKNOWN,,apk-audit/02-protocol-api.md:455; J:com/tvt/protocol_sdk/TVTOpenSDK.java:229,455,NO,
"getCloudRecordState(long, String, String) @TVTOpenSDK.java:231",getCloudRecordState,void,0x291c0c,0x1ce451,UNKNOWN,,apk-audit/02-protocol-api.md:456; J:com/tvt/protocol_sdk/TVTOpenSDK.java:231,456,NO,
"getCloudStorageDownloadToken(long, String, String, String, String, String) @TVTOpenSDK.java:233",getCloudStorageDownloadToken,void,0x290638,0x1cd715,UNKNOWN,,apk-audit/02-protocol-api.md:457; J:com/tvt/protocol_sdk/TVTOpenSDK.java:233,457,NO,
"getCloudVideoList(long, String, String, String, int, long, long, String, int) @TVTOpenSDK.java:235",getCloudVideoList,void,0x290170,0x1cd455,MAPPED,P18.9.op01,apk-audit/02-protocol-api.md:458; J:com/tvt/protocol_sdk/TVTOpenSDK.java:235,458,NO,
"getConnectStatus(long, String) @TVTOpenSDK.java:237",getConnectStatus,int,absent,absent,UNKNOWN,,apk-audit/02-protocol-api.md:459; J:com/tvt/protocol_sdk/TVTOpenSDK.java:237,459,NO,
"getCurrentDCAddress(long, String) @TVTOpenSDK.java:239",getCurrentDCAddress,void,0x2aab0c,0x1dcec5,UNKNOWN,,apk-audit/02-protocol-api.md:460; J:com/tvt/protocol_sdk/TVTOpenSDK.java:239,460,NO,
"getDevAutoUpdate(long, String) @TVTOpenSDK.java:241",getDevAutoUpdate,void,0x29a5d4,0x1d3431,UNKNOWN,,apk-audit/02-protocol-api.md:461; J:com/tvt/protocol_sdk/TVTOpenSDK.java:241,461,NO,
"getDeviceAbilityList(long, String, String) @TVTOpenSDK.java:243",getDeviceAbilityList,void,0x277470,0x1bead9,UNKNOWN,,apk-audit/02-protocol-api.md:462; J:com/tvt/protocol_sdk/TVTOpenSDK.java:243,462,NO,
"getDeviceAccessToken(long, String, String) @TVTOpenSDK.java:245",getDeviceAccessToken,void,0x276830,0x1be3bd,UNKNOWN,,apk-audit/02-protocol-api.md:463; J:com/tvt/protocol_sdk/TVTOpenSDK.java:245,463,NO,
"getDeviceAlarmCountInTime(long, String, List<String>, List<String>, long, long, boolean) @TVTOpenSDK.java:247",getDeviceAlarmCountInTime,void,0x27db70,0x1c2855,UNKNOWN,,apk-audit/02-protocol-api.md:464; J:com/tvt/protocol_sdk/TVTOpenSDK.java:247,464,NO,
"getDeviceAlarmLatestInfo(long, String, int, List<String>, List<String>, boolean) @TVTOpenSDK.java:249",getDeviceAlarmLatestInfo,void,0x27ea90,0x1c3109,UNKNOWN,,apk-audit/02-protocol-api.md:465; J:com/tvt/protocol_sdk/TVTOpenSDK.java:249,465,NO,
"getDeviceAlarmListPage(long, String, int, int, List<String>, List<String>, List<String>, long, long, boolean) @TVTOpenSDK.java:251",getDeviceAlarmListPage,void,0x27cd14,0x1c1fc5,UNKNOWN,,apk-audit/02-protocol-api.md:466; J:com/tvt/protocol_sdk/TVTOpenSDK.java:251,466,NO,
"getDeviceAlarmTypeCallBack(long, String) @TVTOpenSDK.java:253",getDeviceAlarmTypeCallBack,void,0x27d8ec,0x1c26d5,UNKNOWN,,apk-audit/02-protocol-api.md:467; J:com/tvt/protocol_sdk/TVTOpenSDK.java:253,467,NO,
"getDeviceAlarmUnreadCounts(long, String, List<String>, List<String>, boolean) @TVTOpenSDK.java:255",getDeviceAlarmUnreadCounts,void,0x27f374,0x1c3635,UNKNOWN,,apk-audit/02-protocol-api.md:468; J:com/tvt/protocol_sdk/TVTOpenSDK.java:255,468,NO,
"getDeviceBindStatus(long, String, String) @TVTOpenSDK.java:257",getDeviceBindStatus,void,0x2ad0ac,0x1de505,UNKNOWN,,apk-audit/02-protocol-api.md:469; J:com/tvt/protocol_sdk/TVTOpenSDK.java:257,469,NO,
"getDeviceCapability(long, String, String) @TVTOpenSDK.java:259",getDeviceCapability,void,0x2a8fcc,0x1dbebd,UNKNOWN,,apk-audit/02-protocol-api.md:470; J:com/tvt/protocol_sdk/TVTOpenSDK.java:259,470,NO,
"getDeviceChlOnlineStatus(long, String, String) @TVTOpenSDK.java:261",getDeviceChlOnlineStatus,boolean,0x29599c,0x1d07d9,UNKNOWN,,apk-audit/02-protocol-api.md:471; J:com/tvt/protocol_sdk/TVTOpenSDK.java:261,471,NO,
"getDeviceDcInfo(long, String, String) @TVTOpenSDK.java:263",getDeviceDcInfo,void,0x2a0c74,0x1d70c1,UNKNOWN,,apk-audit/02-protocol-api.md:472; J:com/tvt/protocol_sdk/TVTOpenSDK.java:263,472,NO,
"getDeviceDetailInfo(long, String, String, boolean) @TVTOpenSDK.java:265",getDeviceDetailInfo,void,0x2a2860,0x1d8111,UNKNOWN,,apk-audit/02-protocol-api.md:473; J:com/tvt/protocol_sdk/TVTOpenSDK.java:265,473,NO,
"getDeviceGroupList(long, String) @TVTOpenSDK.java:267",getDeviceGroupList,void,0x276b80,0x1be5a9,UNKNOWN,,apk-audit/02-protocol-api.md:474; J:com/tvt/protocol_sdk/TVTOpenSDK.java:267,474,NO,
"getDeviceHDDAlarmList(long, String, String, int, int) @TVTOpenSDK.java:269",getDeviceHDDAlarmList,boolean,0x296074,0x1d0be1,UNKNOWN,,apk-audit/02-protocol-api.md:475; J:com/tvt/protocol_sdk/TVTOpenSDK.java:269,475,NO,
"getDeviceHealthReport(long, String, long, long, int, int) @TVTOpenSDK.java:271",getDeviceHealthReport,boolean,0x294128,0x1cf99d,UNKNOWN,,apk-audit/02-protocol-api.md:476; J:com/tvt/protocol_sdk/TVTOpenSDK.java:271,476,NO,
"getDeviceHealthSchedule(long, String) @TVTOpenSDK.java:273",getDeviceHealthSchedule,boolean,0x2963f0,0x1d0df1,UNKNOWN,,apk-audit/02-protocol-api.md:477; J:com/tvt/protocol_sdk/TVTOpenSDK.java:273,477,NO,
"getDeviceList(long, String, int, int) @TVTOpenSDK.java:275",getDeviceList,void,0x2761d8,0x1be01d,UNKNOWN,,apk-audit/02-protocol-api.md:478; J:com/tvt/protocol_sdk/TVTOpenSDK.java:275,478,NO,
"getDeviceListFromGroup(long, String, String, int, int) @TVTOpenSDK.java:277",getDeviceListFromGroup,void,0x277108,0x1be8cd,UNKNOWN,,apk-audit/02-protocol-api.md:479; J:com/tvt/protocol_sdk/TVTOpenSDK.java:277,479,NO,
"getDeviceListToOurGroup(long, String, int, int) @TVTOpenSDK.java:279",getDeviceListToOurGroup,void,0x276e34,0x1be731,UNKNOWN,,apk-audit/02-protocol-api.md:480; J:com/tvt/protocol_sdk/TVTOpenSDK.java:279,480,NO,
"getDeviceLocalStorageStatus(long, String, String) @TVTOpenSDK.java:281",getDeviceLocalStorageStatus,boolean,0x295d08,0x1d09dd,UNKNOWN,,apk-audit/02-protocol-api.md:481; J:com/tvt/protocol_sdk/TVTOpenSDK.java:281,481,NO,
"getDeviceNetQualityReport(long, String, String, long, long, int, int) @TVTOpenSDK.java:283",getDeviceNetQualityReport,boolean,0x296ba0,0x1d126d,UNKNOWN,,apk-audit/02-protocol-api.md:482; J:com/tvt/protocol_sdk/TVTOpenSDK.java:283,482,NO,
"getDeviceNetSafeReport(long, String, String, long, long, int, int) @TVTOpenSDK.java:285",getDeviceNetSafeReport,boolean,0x294f08,0x1d01b1,UNKNOWN,,apk-audit/02-protocol-api.md:483; J:com/tvt/protocol_sdk/TVTOpenSDK.java:285,483,NO,
"getDeviceNetSafeSwitch(long, String, String) @TVTOpenSDK.java:287",getDeviceNetSafeSwitch,boolean,0x2952b8,0x1d03c5,UNKNOWN,,apk-audit/02-protocol-api.md:484; J:com/tvt/protocol_sdk/TVTOpenSDK.java:287,484,NO,
"getDevicePush2Config(long, String, String) @TVTOpenSDK.java:289",getDevicePush2Config,void,0x2ab120,0x1dd25d,UNKNOWN,,apk-audit/02-protocol-api.md:485; J:com/tvt/protocol_sdk/TVTOpenSDK.java:289,485,NO,
"getDevicePush2DetailMessage(long, String, String) @TVTOpenSDK.java:291",getDevicePush2DetailMessage,void,0x2abe90,0x1dda8d,UNKNOWN,,apk-audit/02-protocol-api.md:486; J:com/tvt/protocol_sdk/TVTOpenSDK.java:291,486,NO,
"getDeviceRecordChl(long, String, String, long, long, long) @TVTOpenSDK.java:293",getDeviceRecordChl,void,absent,absent,UNKNOWN,,apk-audit/02-protocol-api.md:487; J:com/tvt/protocol_sdk/TVTOpenSDK.java:293,487,NO,
"getDeviceRecordDate(long, String, String, List<Integer>, int, long) @TVTOpenSDK.java:295",getDeviceRecordDate,void,absent,absent,UNKNOWN,,apk-audit/02-protocol-api.md:488; J:com/tvt/protocol_sdk/TVTOpenSDK.java:295,488,NO,
"getDeviceRecordLog(long, String, String, int, long, long, long, int) @TVTOpenSDK.java:297",getDeviceRecordLog,void,absent,absent,UNKNOWN,,apk-audit/02-protocol-api.md:489; J:com/tvt/protocol_sdk/TVTOpenSDK.java:297,489,NO,
"getDeviceSleepStatus(long, String, String) @TVTOpenSDK.java:299",getDeviceSleepStatus,void,0x2b16c8,0x1e0f0d,UNKNOWN,,apk-audit/02-protocol-api.md:490; J:com/tvt/protocol_sdk/TVTOpenSDK.java:299,490,NO,
"getDeviceTragetValueSetCredential(long, String, String, String, String) @TVTOpenSDK.java:301",getDeviceTragetValueSetCredential,void,0x2a6688,0x1da6b5,UNKNOWN,,apk-audit/02-protocol-api.md:491; J:com/tvt/protocol_sdk/TVTOpenSDK.java:301,491,NO,
"getDynamicCodeWithAccount(long, String, String, int, int, String, String) @TVTOpenSDK.java:303",getDynamicCodeWithAccount,void,0x28002c,0x1c3d99,MAPPED,P02.2.op01,apk-audit/02-protocol-api.md:492; J:com/tvt/protocol_sdk/TVTOpenSDK.java:303,492,NO,
"getExternalAppInfo(long, String, String) @TVTOpenSDK.java:309",getExternalAppInfo,void,0x2b08c8,0x1e0699,UNKNOWN,,apk-audit/02-protocol-api.md:493; J:com/tvt/protocol_sdk/TVTOpenSDK.java:309,493,NO,
"getExternalAppOauth(long, String, String) @TVTOpenSDK.java:311",getExternalAppOauth,void,0x2afb68,0x1dfe79,UNKNOWN,,apk-audit/02-protocol-api.md:494; J:com/tvt/protocol_sdk/TVTOpenSDK.java:311,494,NO,
"getFriendGroupList(long, String) @TVTOpenSDK.java:313",getFriendGroupList,void,0x284230,0x1c637d,UNKNOWN,,apk-audit/02-protocol-api.md:495; J:com/tvt/protocol_sdk/TVTOpenSDK.java:313,495,NO,
"getFriendGroupUserListWithGroupId(long, String, String) @TVTOpenSDK.java:315",getFriendGroupUserListWithGroupId,void,0x285d38,0x1c73b1,UNKNOWN,,apk-audit/02-protocol-api.md:496; J:com/tvt/protocol_sdk/TVTOpenSDK.java:315,496,NO,
"getFuncAvailable(long, String) @TVTOpenSDK.java:317",getFuncAvailable,void,0x283e7c,0x1c6141,UNKNOWN,,apk-audit/02-protocol-api.md:497; J:com/tvt/protocol_sdk/TVTOpenSDK.java:317,497,NO,
"getGroupListToMe(long, String) @TVTOpenSDK.java:319",getGroupListToMe,boolean,0x293678,0x1cf36d,UNKNOWN,,apk-audit/02-protocol-api.md:498; J:com/tvt/protocol_sdk/TVTOpenSDK.java:319,498,NO,
"getImgVerifyCode(long, String) @TVTOpenSDK.java:321",getImgVerifyCode,void,0x280dec,0x1c4575,MAPPED,P02.2.op01,apk-audit/02-protocol-api.md:499; J:com/tvt/protocol_sdk/TVTOpenSDK.java:321,499,NO,
"getInstallerBindUserList(long, String) @TVTOpenSDK.java:323",getInstallerBindUserList,void,0x2af550,0x1dfadd,UNKNOWN,,apk-audit/02-protocol-api.md:500; J:com/tvt/protocol_sdk/TVTOpenSDK.java:323,500,NO,
"getLastedDeviceHealthReport(long, String) @TVTOpenSDK.java:340",getLastedDeviceHealthReport,boolean,0x293e58,0x1cf809,UNKNOWN,,apk-audit/02-protocol-api.md:501; J:com/tvt/protocol_sdk/TVTOpenSDK.java:340,501,NO,
"getMobileBindInfoList(long, String) @TVTOpenSDK.java:342",getMobileBindInfoList,void,0x29b964,0x1d3f5d,UNKNOWN,,apk-audit/02-protocol-api.md:502; J:com/tvt/protocol_sdk/TVTOpenSDK.java:342,502,NO,
"getMobileBindSwitch(long, String) @TVTOpenSDK.java:344",getMobileBindSwitch,void,0x29b350,0x1d3bc5,UNKNOWN,,apk-audit/02-protocol-api.md:503; J:com/tvt/protocol_sdk/TVTOpenSDK.java:344,503,NO,
"getMsgPushSwitch(long, String) @TVTOpenSDK.java:346",getMsgPushSwitch,void,0x299fb4,0x1d3089,UNKNOWN,,apk-audit/02-protocol-api.md:504; J:com/tvt/protocol_sdk/TVTOpenSDK.java:346,504,NO,
"getMyFriendList(long, String) @TVTOpenSDK.java:348",getMyFriendList,void,0x2844ec,0x1c650d,UNKNOWN,,apk-audit/02-protocol-api.md:505; J:com/tvt/protocol_sdk/TVTOpenSDK.java:348,505,NO,
"getOnOffDeviceConfig(long, String, List<String>, List<Integer>, String) @TVTOpenSDK.java:350",getOnOffDeviceConfig,void,0x2a6b44,0x1da94d,UNKNOWN,,apk-audit/02-protocol-api.md:506; J:com/tvt/protocol_sdk/TVTOpenSDK.java:350,506,NO,
"getP2PUpgradeMaintenanceLang(long, String, String) @TVTOpenSDK.java:352",getP2PUpgradeMaintenanceLang,void,0x2af80c,0x1dfc6d,UNKNOWN,,apk-audit/02-protocol-api.md:507; J:com/tvt/protocol_sdk/TVTOpenSDK.java:352,507,NO,
"getPlaybackRecordChl(long, String, long, long, long) @TVTOpenSDK.java:354",getPlaybackRecordChl,boolean,absent,absent,UNKNOWN,,apk-audit/02-protocol-api.md:508; J:com/tvt/protocol_sdk/TVTOpenSDK.java:354,508,NO,
"getPlaybackRecordDate(long, String, List<Integer>, long, int) @TVTOpenSDK.java:356",getPlaybackRecordDate,boolean,absent,absent,UNKNOWN,,apk-audit/02-protocol-api.md:509; J:com/tvt/protocol_sdk/TVTOpenSDK.java:356,509,NO,
"getPlaybackRecordLog(long, String, int, long, long, long, int) @TVTOpenSDK.java:358",getPlaybackRecordLog,boolean,absent,absent,UNKNOWN,,apk-audit/02-protocol-api.md:510; J:com/tvt/protocol_sdk/TVTOpenSDK.java:358,510,NO,
"getProblemIndexList(long, String) @TVTOpenSDK.java:360",getProblemIndexList,void,0x29906c,0x1d2791,UNKNOWN,,apk-audit/02-protocol-api.md:511; J:com/tvt/protocol_sdk/TVTOpenSDK.java:360,511,NO,
"getProblemListByIndexId(long, String, int) @TVTOpenSDK.java:362",getProblemListByIndexId,void,0x299328,0x1d2921,UNKNOWN,,apk-audit/02-protocol-api.md:512; J:com/tvt/protocol_sdk/TVTOpenSDK.java:362,512,NO,
"getReceiveApplyListForNewFriend(long, String) @TVTOpenSDK.java:364",getReceiveApplyListForNewFriend,void,0x2734d4,0x1bc61d,UNKNOWN,,apk-audit/02-protocol-api.md:513; J:com/tvt/protocol_sdk/TVTOpenSDK.java:364,513,NO,
"getReceiveApplyNumForNewFriend(long, String) @TVTOpenSDK.java:366",getReceiveApplyNumForNewFriend,void,0x273788,0x1bc7a5,UNKNOWN,,apk-audit/02-protocol-api.md:514; J:com/tvt/protocol_sdk/TVTOpenSDK.java:366,514,NO,
"getRegisterDynamicCodeWithAccount(long, String, int, String, String) @TVTOpenSDK.java:368",getRegisterDynamicCodeWithAccount,void,0x2804f0,0x1c4059,UNKNOWN,,apk-audit/02-protocol-api.md:515; J:com/tvt/protocol_sdk/TVTOpenSDK.java:368,515,NO,
getRequestTaskId() @TVTOpenSDK.java:2097,getRequestTaskId,long,0x2ae95c,0x1df3e5,UNKNOWN,,apk-audit/02-protocol-api.md:516; J:com/tvt/protocol_sdk/TVTOpenSDK.java:2097,516,NO,
"getResidentBuildingListWithRoomId(long, String, String, int, int, int) @TVTOpenSDK.java:374",getResidentBuildingListWithRoomId,void,0x2764ac,0x1be1b9,UNKNOWN,,apk-audit/02-protocol-api.md:517; J:com/tvt/protocol_sdk/TVTOpenSDK.java:374,517,NO,
"getResidentDeviceList(long, String, int, int) @TVTOpenSDK.java:376",getResidentDeviceList,void,0x2a12a8,0x1d7471,UNKNOWN,,apk-audit/02-protocol-api.md:518; J:com/tvt/protocol_sdk/TVTOpenSDK.java:376,518,NO,
"getResidentManagerState(long, String, boolean) @TVTOpenSDK.java:378",getResidentManagerState,void,0x2a18dc,0x1d7821,MAPPED,P24.1.op01,apk-audit/02-protocol-api.md:519; J:com/tvt/protocol_sdk/TVTOpenSDK.java:378,519,NO,
"getResidentRoomsList(long, String, String) @TVTOpenSDK.java:380",getResidentRoomsList,void,0x2a1584,0x1d7619,UNKNOWN,,apk-audit/02-protocol-api.md:520; J:com/tvt/protocol_sdk/TVTOpenSDK.java:380,520,NO,
"getSendApplyListForNewFriend(long, String) @TVTOpenSDK.java:382",getSendApplyListForNewFriend,void,0x273220,0x1bc495,UNKNOWN,,apk-audit/02-protocol-api.md:521; J:com/tvt/protocol_sdk/TVTOpenSDK.java:382,521,NO,
"getServiceMsgList(long, String, String, long, long, int, int) @TVTOpenSDK.java:384",getServiceMsgList,boolean,0x28ef7c,0x1cc9e5,UNKNOWN,,apk-audit/02-protocol-api.md:522; J:com/tvt/protocol_sdk/TVTOpenSDK.java:384,522,NO,
"getServiceMsgType(long, String) @TVTOpenSDK.java:386",getServiceMsgType,boolean,0x28e9dc,0x1cc6bd,UNKNOWN,,apk-audit/02-protocol-api.md:523; J:com/tvt/protocol_sdk/TVTOpenSDK.java:386,523,NO,
"getShareAuthByChlId(long, String, String) @TVTOpenSDK.java:388",getShareAuthByChlId,void,0x29db58,0x1d53ad,UNKNOWN,,apk-audit/02-protocol-api.md:524; J:com/tvt/protocol_sdk/TVTOpenSDK.java:388,524,NO,
"getSharedChlInfoByChlID(long, String, String) @TVTOpenSDK.java:392",getSharedChlInfoByChlID,void,0x27c30c,0x1c19c5,UNKNOWN,,apk-audit/02-protocol-api.md:525; J:com/tvt/protocol_sdk/TVTOpenSDK.java:392,525,NO,
"getSharedChlListByFriendID(long, String, String) @TVTOpenSDK.java:394",getSharedChlListByFriendID,void,0x27bcd8,0x1c161d,UNKNOWN,,apk-audit/02-protocol-api.md:526; J:com/tvt/protocol_sdk/TVTOpenSDK.java:394,526,NO,
"getSharedChlListByGroupId(long, String, String) @TVTOpenSDK.java:396",getSharedChlListByGroupId,void,0x286090,0x1c75b9,UNKNOWN,,apk-audit/02-protocol-api.md:527; J:com/tvt/protocol_sdk/TVTOpenSDK.java:396,527,NO,
"getSharedChlListByMy(long, String, int, int) @TVTOpenSDK.java:398",getSharedChlListByMy,boolean,0x292a78,0x1cec7d,UNKNOWN,,apk-audit/02-protocol-api.md:528; J:com/tvt/protocol_sdk/TVTOpenSDK.java:398,528,NO,
"getSharedChlListByMyPage(long, String, int, int) @TVTOpenSDK.java:400",getSharedChlListByMyPage,void,0x27b9fc,0x1c1475,UNKNOWN,,apk-audit/02-protocol-api.md:529; J:com/tvt/protocol_sdk/TVTOpenSDK.java:400,529,NO,
"getSharedChlListToMe(long, String, int, int) @TVTOpenSDK.java:402",getSharedChlListToMe,boolean,0x293388,0x1cf1bd,UNKNOWN,,apk-audit/02-protocol-api.md:530; J:com/tvt/protocol_sdk/TVTOpenSDK.java:402,530,NO,
"getSharedChlListToMePage(long, String, int, int) @TVTOpenSDK.java:404",getSharedChlListToMePage,void,0x27c030,0x1c181d,UNKNOWN,,apk-audit/02-protocol-api.md:531; J:com/tvt/protocol_sdk/TVTOpenSDK.java:404,531,NO,
"getSharedInfoByShareId(long, String, String) @TVTOpenSDK.java:406",getSharedInfoByShareId,void,0x27ac9c,0x1c0c75,UNKNOWN,,apk-audit/02-protocol-api.md:532; J:com/tvt/protocol_sdk/TVTOpenSDK.java:406,532,NO,
"getSharedListByTargetUser(long, String, String, List<String>) @TVTOpenSDK.java:408",getSharedListByTargetUser,void,0x2a5f5c,0x1da26d,UNKNOWN,,apk-audit/02-protocol-api.md:533; J:com/tvt/protocol_sdk/TVTOpenSDK.java:408,533,NO,
"getSharedListFromOther(long, String, int, int, List<Integer>) @TVTOpenSDK.java:410",getSharedListFromOther,void,0x2a44b0,0x1d928d,UNKNOWN,,apk-audit/02-protocol-api.md:534; J:com/tvt/protocol_sdk/TVTOpenSDK.java:410,534,NO,
"getSharedListToAccount(long, String, String, int) @TVTOpenSDK.java:412",getSharedListToAccount,void,0x2a5c04,0x1da065,UNKNOWN,,apk-audit/02-protocol-api.md:535; J:com/tvt/protocol_sdk/TVTOpenSDK.java:412,535,NO,
"getSharedListToOther(long, String, int, int, List<Integer>) @TVTOpenSDK.java:414",getSharedListToOther,void,0x2a3e70,0x1d8ed9,UNKNOWN,,apk-audit/02-protocol-api.md:536; J:com/tvt/protocol_sdk/TVTOpenSDK.java:414,536,NO,
"getShareGroupChannelListToMeWithGroupIds(long, String, List<String>) @TVTOpenSDK.java:390",getShareGroupChannelListToMeWithGroupIds,boolean,0x293838,0x1cf479,UNKNOWN,,apk-audit/02-protocol-api.md:537; J:com/tvt/protocol_sdk/TVTOpenSDK.java:390,537,NO,
"getTransferDeviceList(long, String, String) @TVTOpenSDK.java:416",getTransferDeviceList,void,0x2b0c20,0x1e08a1,UNKNOWN,,apk-audit/02-protocol-api.md:538; J:com/tvt/protocol_sdk/TVTOpenSDK.java:416,538,NO,
"getUnReadServiceMsgNum(long, String) @TVTOpenSDK.java:418",getUnReadServiceMsgNum,boolean,0x28ecac,0x1cc851,UNKNOWN,,apk-audit/02-protocol-api.md:539; J:com/tvt/protocol_sdk/TVTOpenSDK.java:418,539,NO,
"getUserAppData(long, String) @TVTOpenSDK.java:420",getUserAppData,void,0x29ee28,0x1d5f39,UNKNOWN,,apk-audit/02-protocol-api.md:540; J:com/tvt/protocol_sdk/TVTOpenSDK.java:420,540,NO,
"getUserAppDataVersion(long, String) @TVTOpenSDK.java:422",getUserAppDataVersion,void,0x29eb6c,0x1d5da9,UNKNOWN,,apk-audit/02-protocol-api.md:541; J:com/tvt/protocol_sdk/TVTOpenSDK.java:422,541,NO,
"getUserBindInstallerInfo(long, String) @TVTOpenSDK.java:424",getUserBindInstallerInfo,void,0x2aec80,0x1df5b5,UNKNOWN,,apk-audit/02-protocol-api.md:542; J:com/tvt/protocol_sdk/TVTOpenSDK.java:424,542,NO,
"getUserCountSharedChlList(long, String, List<String>) @TVTOpenSDK.java:426",getUserCountSharedChlList,boolean,0x292d68,0x1cee2d,UNKNOWN,,apk-audit/02-protocol-api.md:543; J:com/tvt/protocol_sdk/TVTOpenSDK.java:426,543,NO,
"getUserDeviceEventMessageList(long, String, String, String, int, int) @TVTOpenSDK.java:428",getUserDeviceEventMessageList,void,0x2aa6d4,0x1dcc79,UNKNOWN,,apk-audit/02-protocol-api.md:544; J:com/tvt/protocol_sdk/TVTOpenSDK.java:428,544,NO,
"getUserDeviceList(long, String, String) @TVTOpenSDK.java:430",getUserDeviceList,void,0x2b2ab8,0x1e1acd,UNKNOWN,,apk-audit/02-protocol-api.md:545; J:com/tvt/protocol_sdk/TVTOpenSDK.java:430,545,NO,
"getUserDevicePushConfig(long, String, String) @TVTOpenSDK.java:432",getUserDevicePushConfig,void,0x2aadc8,0x1dd055,UNKNOWN,,apk-audit/02-protocol-api.md:546; J:com/tvt/protocol_sdk/TVTOpenSDK.java:432,546,NO,
"getUserInfo(long, String) @TVTOpenSDK.java:434",getUserInfo,void,0x2823c0,0x1c51bd,MAPPED,P16.1.op01,apk-audit/02-protocol-api.md:547; J:com/tvt/protocol_sdk/TVTOpenSDK.java:434,547,NO,
"getUserPrivateData(long, String) @TVTOpenSDK.java:436",getUserPrivateData,void,0x28d598,0x1cbac9,UNKNOWN,,apk-audit/02-protocol-api.md:548; J:com/tvt/protocol_sdk/TVTOpenSDK.java:436,548,NO,
"getUserPropertiesWithWords(long, String, String) @TVTOpenSDK.java:438",getUserPropertiesWithWords,void,0x271ef8,0x1bb9d5,UNKNOWN,,apk-audit/02-protocol-api.md:549; J:com/tvt/protocol_sdk/TVTOpenSDK.java:438,549,NO,
"getUserQrcodeInfo(long, String) @TVTOpenSDK.java:440",getUserQrcodeInfo,void,0x2ae9b0,0x1df419,UNKNOWN,,apk-audit/02-protocol-api.md:550; J:com/tvt/protocol_sdk/TVTOpenSDK.java:440,550,NO,
"getUserUnbindDeviceList(long, String, String) @TVTOpenSDK.java:442",getUserUnbindDeviceList,void,0x2b2768,0x1e18e1,UNKNOWN,,apk-audit/02-protocol-api.md:551; J:com/tvt/protocol_sdk/TVTOpenSDK.java:442,551,NO,
"getValidCloudStorageChlList(long, String, String) @TVTOpenSDK.java:454",getValidCloudStorageChlList,void,0x2aa37c,0x1dca71,UNKNOWN,,apk-audit/02-protocol-api.md:552; J:com/tvt/protocol_sdk/TVTOpenSDK.java:454,552,NO,
"getVASApplyRecordList(long, String, String, int, String, int, long, long, int, int) @TVTOpenSDK.java:444",getVASApplyRecordList,void,0x2a8b88,0x1dbc61,UNKNOWN,,apk-audit/02-protocol-api.md:553; J:com/tvt/protocol_sdk/TVTOpenSDK.java:444,553,NO,
"getVASCloudStoreGoodList(long, String, String, int, String) @TVTOpenSDK.java:446",getVASCloudStoreGoodList,void,0x2a95e0,0x1dc255,UNKNOWN,,apk-audit/02-protocol-api.md:554; J:com/tvt/protocol_sdk/TVTOpenSDK.java:446,554,NO,
"getVASGoodList(long, String, int, String, int, int, int) @TVTOpenSDK.java:448",getVASGoodList,void,0x2a7d60,0x1db441,UNKNOWN,,apk-audit/02-protocol-api.md:555; J:com/tvt/protocol_sdk/TVTOpenSDK.java:448,555,NO,
"getVASServerInfo(long, int, String, String) @TVTOpenSDK.java:450",getVASServerInfo,void,0x2a96f0,0x1dc2ed,UNKNOWN,,apk-audit/02-protocol-api.md:556; J:com/tvt/protocol_sdk/TVTOpenSDK.java:450,556,NO,
"getVASServiceList(long, String) @TVTOpenSDK.java:452",getVASServiceList,void,0x2a7744,0x1db09d,UNKNOWN,,apk-audit/02-protocol-api.md:557; J:com/tvt/protocol_sdk/TVTOpenSDK.java:452,557,NO,
"installerBindUser(long, String, String) @TVTOpenSDK.java:456",installerBindUser,void,0x2aef3c,0x1df745,UNKNOWN,,apk-audit/02-protocol-api.md:558; J:com/tvt/protocol_sdk/TVTOpenSDK.java:456,558,NO,
"linkExternalApp(long, String, String) @TVTOpenSDK.java:477",linkExternalApp,void,0x2afec0,0x1e0081,UNKNOWN,,apk-audit/02-protocol-api.md:559; J:com/tvt/protocol_sdk/TVTOpenSDK.java:477,559,NO,
"modifyChannelRemark(long, String, String, int, String) @TVTOpenSDK.java:479",modifyChannelRemark,void,0x2a2430,0x1d7ec9,UNKNOWN,,apk-audit/02-protocol-api.md:560; J:com/tvt/protocol_sdk/TVTOpenSDK.java:479,560,NO,
"modifyDeviceGroupName(long, String, String, String) @TVTOpenSDK.java:481",modifyDeviceGroupName,void,0x277d4c,0x1beffd,UNKNOWN,,apk-audit/02-protocol-api.md:561; J:com/tvt/protocol_sdk/TVTOpenSDK.java:481,561,NO,
"modifyDeviceRemark(long, String, String, String) @TVTOpenSDK.java:483",modifyDeviceRemark,void,0x2a2038,0x1d7c6d,UNKNOWN,,apk-audit/02-protocol-api.md:562; J:com/tvt/protocol_sdk/TVTOpenSDK.java:483,562,NO,
"modifyEmail(long, String, String, String, String) @TVTOpenSDK.java:485",modifyEmail,void,0x288d30,0x1c8fe5,MAPPED,P16.1.op03,apk-audit/02-protocol-api.md:563; J:com/tvt/protocol_sdk/TVTOpenSDK.java:485,563,NO,
"modifyFriendGroupWithGroupId(long, String, String, String) @TVTOpenSDK.java:487",modifyFriendGroupWithGroupId,void,0x2863e8,0x1c77c1,UNKNOWN,,apk-audit/02-protocol-api.md:564; J:com/tvt/protocol_sdk/TVTOpenSDK.java:487,564,NO,
"modifyPassword(long, String, int, String, String) @TVTOpenSDK.java:489",modifyPassword,void,0x28339c,0x1c5afd,UNKNOWN,,apk-audit/02-protocol-api.md:565; J:com/tvt/protocol_sdk/TVTOpenSDK.java:489,565,NO,
"modifyPhone(long, String, String, String, String) @TVTOpenSDK.java:491",modifyPhone,void,0x288074,0x1c889d,MAPPED,P16.1.op03,apk-audit/02-protocol-api.md:566; J:com/tvt/protocol_sdk/TVTOpenSDK.java:491,566,NO,
"modifyPushDeviceName(long, String, String, String, String) @TVTOpenSDK.java:493",modifyPushDeviceName,void,0x2acbf0,0x1de269,UNKNOWN,,apk-audit/02-protocol-api.md:567; J:com/tvt/protocol_sdk/TVTOpenSDK.java:493,567,NO,
"natCloseLiveVideo(long, String, String, int) @TVTOpenSDK.java:495",natCloseLiveVideo,boolean,0x28001c,0x1c3d91,BROKEN_STUB,,apk-audit/02-protocol-api.md:568; J:com/tvt/protocol_sdk/TVTOpenSDK.java:495,568,NO,apk-audit/08-native-abi-jni.md:76
"natConnectDevice(long, String, String) @TVTOpenSDK.java:497",natConnectDevice,boolean,0x280004,0x1c3d85,BROKEN_STUB,,apk-audit/02-protocol-api.md:569; J:com/tvt/protocol_sdk/TVTOpenSDK.java:497,569,NO,apk-audit/08-native-abi-jni.md:76
"natDisConnectDevice(long, String, String) @TVTOpenSDK.java:2617",natDisConnectDevice,boolean,0x28000c,0x1c3d89,BROKEN_STUB,,apk-audit/02-protocol-api.md:570; J:com/tvt/protocol_sdk/TVTOpenSDK.java:2617,570,NO,apk-audit/08-native-abi-jni.md:76
"natLiveAudioSwitch(long, String, String, int, boolean) @TVTOpenSDK.java:499",natLiveAudioSwitch,boolean,0x280024,0x1c3d95,BROKEN_STUB,,apk-audit/02-protocol-api.md:571; J:com/tvt/protocol_sdk/TVTOpenSDK.java:499,571,NO,apk-audit/08-native-abi-jni.md:76
"natOpenLiveVideo(long, String, String, int, int, String) @TVTOpenSDK.java:501",natOpenLiveVideo,boolean,0x280014,0x1c3d8d,BROKEN_STUB,,apk-audit/02-protocol-api.md:572; J:com/tvt/protocol_sdk/TVTOpenSDK.java:501,572,NO,apk-audit/08-native-abi-jni.md:76
"openPlayback(long, String, String, int, int, long, long, long) @TVTOpenSDK.java:510",openPlayback,void,absent,absent,UNKNOWN,,apk-audit/02-protocol-api.md:573; J:com/tvt/protocol_sdk/TVTOpenSDK.java:510,573,NO,
"openPlaybackStream(long, String, int, int, long, long, long) @TVTOpenSDK.java:512",openPlaybackStream,String,absent,absent,UNKNOWN,,apk-audit/02-protocol-api.md:574; J:com/tvt/protocol_sdk/TVTOpenSDK.java:512,574,NO,
"openRealPlayStream(long, String, int, int, String) @TVTOpenSDK.java:514",openRealPlayStream,String,absent,absent,UNKNOWN,,apk-audit/02-protocol-api.md:575; J:com/tvt/protocol_sdk/TVTOpenSDK.java:514,575,NO,
"payVasInfo(long, String, int, String) @TVTOpenSDK.java:516",payVasInfo,void,0x2a9a50,0x1dc501,MAPPED,P18.4.op02,apk-audit/02-protocol-api.md:576; J:com/tvt/protocol_sdk/TVTOpenSDK.java:516,576,NO,
"playbackAudioSwitch(long, String, boolean) @TVTOpenSDK.java:520",playbackAudioSwitch,boolean,absent,absent,UNKNOWN,,apk-audit/02-protocol-api.md:577; J:com/tvt/protocol_sdk/TVTOpenSDK.java:520,577,NO,
"playbackAudioSwitch(long, String, String, int, boolean) @TVTOpenSDK.java:518",playbackAudioSwitch,void,absent,absent,UNKNOWN,,apk-audit/02-protocol-api.md:578; J:com/tvt/protocol_sdk/TVTOpenSDK.java:518,578,NO,
"queryVASServiceStatus(long, String, int, String) @TVTOpenSDK.java:522",queryVASServiceStatus,void,0x2a7a00,0x1db22d,UNKNOWN,,apk-audit/02-protocol-api.md:579; J:com/tvt/protocol_sdk/TVTOpenSDK.java:522,579,NO,
"realPlayAudioSwitch(long, String, boolean) @TVTOpenSDK.java:524",realPlayAudioSwitch,boolean,absent,absent,UNKNOWN,,apk-audit/02-protocol-api.md:580; J:com/tvt/protocol_sdk/TVTOpenSDK.java:524,580,NO,
registerCallback() @TVTOpenSDK.java:526,registerCallback,boolean,0x271714,0x1bb53d,UNKNOWN,,apk-audit/02-protocol-api.md:581; J:com/tvt/protocol_sdk/TVTOpenSDK.java:526,581,NO,
registerDevStatusNotify() @TVTOpenSDK.java:528,registerDevStatusNotify,void,absent,absent,UNKNOWN,,apk-audit/02-protocol-api.md:582; J:com/tvt/protocol_sdk/TVTOpenSDK.java:528,582,NO,
"registerMobile(long, String, String, String, String, String, String, String, String, String, int) @TVTOpenSDK.java:530",registerMobile,void,0x29a890,0x1d35c1,UNKNOWN,,apk-audit/02-protocol-api.md:583; J:com/tvt/protocol_sdk/TVTOpenSDK.java:530,583,NO,
"remarkMyFriendInfo(long, String, String, String) @TVTOpenSDK.java:532",remarkMyFriendInfo,void,0x2740dc,0x1bcd05,UNKNOWN,,apk-audit/02-protocol-api.md:584; J:com/tvt/protocol_sdk/TVTOpenSDK.java:532,584,NO,
"removeCloudRecord(long, String, List<String>, List<String>) @TVTOpenSDK.java:534",removeCloudRecord,void,0x290b80,0x1cda11,MAPPED,P18.2.op03,apk-audit/02-protocol-api.md:585; J:com/tvt/protocol_sdk/TVTOpenSDK.java:534,585,NO,
"removeDeviceFromGroup(long, String, String, List<String>) @TVTOpenSDK.java:536",removeDeviceFromGroup,void,0x2787cc,0x1bf625,UNKNOWN,,apk-audit/02-protocol-api.md:586; J:com/tvt/protocol_sdk/TVTOpenSDK.java:536,586,NO,
"removeDeviceGroup(long, String, String) @TVTOpenSDK.java:538",removeDeviceGroup,void,0x2779fc,0x1bee11,UNKNOWN,,apk-audit/02-protocol-api.md:587; J:com/tvt/protocol_sdk/TVTOpenSDK.java:538,587,NO,
"removeMobileBindListList(long, String, List<String>) @TVTOpenSDK.java:540",removeMobileBindListList,void,0x29bc20,0x1d40ed,UNKNOWN,,apk-audit/02-protocol-api.md:588; J:com/tvt/protocol_sdk/TVTOpenSDK.java:540,588,NO,
"removeMyFriend(long, String, String) @TVTOpenSDK.java:542",removeMyFriend,void,0x273d8c,0x1bcb19,UNKNOWN,,apk-audit/02-protocol-api.md:589; J:com/tvt/protocol_sdk/TVTOpenSDK.java:542,589,NO,
"removeShareChlByChlID(long, String, String) @TVTOpenSDK.java:544",removeShareChlByChlID,void,0x27b6a4,0x1c1275,UNKNOWN,,apk-audit/02-protocol-api.md:590; J:com/tvt/protocol_sdk/TVTOpenSDK.java:544,590,NO,
"removeShareChlByFriendID(long, String, String) @TVTOpenSDK.java:546",removeShareChlByFriendID,void,0x27b34c,0x1c1075,UNKNOWN,,apk-audit/02-protocol-api.md:591; J:com/tvt/protocol_sdk/TVTOpenSDK.java:546,591,NO,
"removeShareChlByShareID(long, String, String) @TVTOpenSDK.java:548",removeShareChlByShareID,void,0x27aff4,0x1c0e75,UNKNOWN,,apk-audit/02-protocol-api.md:592; J:com/tvt/protocol_sdk/TVTOpenSDK.java:548,592,NO,
"renewalVASService(long, String, String, String, String, int, int) @TVTOpenSDK.java:550",renewalVASService,void,0x2a8674,0x1db97d,MAPPED,P18.4.op01,apk-audit/02-protocol-api.md:593; J:com/tvt/protocol_sdk/TVTOpenSDK.java:550,593,NO,
"requestGetDeviceArm(long, String, String) @TVTOpenSDK.java:552",requestGetDeviceArm,void,0x2b0f78,0x1e0aa9,UNKNOWN,,apk-audit/02-protocol-api.md:594; J:com/tvt/protocol_sdk/TVTOpenSDK.java:552,594,NO,
"requestSetDeviceArm(long, String, String, String) @TVTOpenSDK.java:554",requestSetDeviceArm,void,0x2b12d0,0x1e0cb1,UNKNOWN,,apk-audit/02-protocol-api.md:595; J:com/tvt/protocol_sdk/TVTOpenSDK.java:554,595,NO,
"requestWakeupDevice(long, String, String) @TVTOpenSDK.java:556",requestWakeupDevice,void,0x2b1a20,0x1e1115,UNKNOWN,,apk-audit/02-protocol-api.md:596; J:com/tvt/protocol_sdk/TVTOpenSDK.java:556,596,NO,
"requestWebWithUrl(long, String, String, String) @TVTOpenSDK.java:558",requestWebWithUrl,void,0x2ae0a4,0x1dee79,UNKNOWN,,apk-audit/02-protocol-api.md:597; J:com/tvt/protocol_sdk/TVTOpenSDK.java:558,597,NO,
resetDcCenterUrl() @TVTOpenSDK.java:560,resetDcCenterUrl,void,0x2a6650,0x1da685,UNKNOWN,,apk-audit/02-protocol-api.md:598; J:com/tvt/protocol_sdk/TVTOpenSDK.java:560,598,NO,
resetProtoToken() @TVTOpenSDK.java:562,resetProtoToken,void,0x2a666c,0x1da69d,UNKNOWN,,apk-audit/02-protocol-api.md:599; J:com/tvt/protocol_sdk/TVTOpenSDK.java:562,599,NO,
"rmrModifyPassword(long, String, String, String) @TVTOpenSDK.java:564",rmrModifyPassword,void,0x2ad954,0x1dea15,UNKNOWN,,apk-audit/02-protocol-api.md:600; J:com/tvt/protocol_sdk/TVTOpenSDK.java:564,600,NO,
"rmrSetUserInfo(long, String, String) @TVTOpenSDK.java:566",rmrSetUserInfo,void,0x2add4c,0x1dec71,UNKNOWN,,apk-audit/02-protocol-api.md:601; J:com/tvt/protocol_sdk/TVTOpenSDK.java:566,601,NO,
"rmrUserLoginAccount(long, String, String, String, String, String) @TVTOpenSDK.java:568",rmrUserLoginAccount,void,0x2ad404,0x1de70d,UNKNOWN,,apk-audit/02-protocol-api.md:602; J:com/tvt/protocol_sdk/TVTOpenSDK.java:568,602,NO,
"searchMyFriendByLoginName(long, String, String) @TVTOpenSDK.java:570",searchMyFriendByLoginName,void,0x283b2c,0x1c5f55,UNKNOWN,,apk-audit/02-protocol-api.md:603; J:com/tvt/protocol_sdk/TVTOpenSDK.java:570,603,NO,
"searchMyFriendByRemark(long, String, String) @TVTOpenSDK.java:572",searchMyFriendByRemark,void,0x2744cc,0x1bcf61,UNKNOWN,,apk-audit/02-protocol-api.md:604; J:com/tvt/protocol_sdk/TVTOpenSDK.java:572,604,NO,
"seekPlayback(long, String, String, int, long) @TVTOpenSDK.java:574",seekPlayback,void,absent,absent,UNKNOWN,,apk-audit/02-protocol-api.md:605; J:com/tvt/protocol_sdk/TVTOpenSDK.java:574,605,NO,
"seekPlaybackStream(long, String, long) @TVTOpenSDK.java:576",seekPlaybackStream,boolean,absent,absent,UNKNOWN,,apk-audit/02-protocol-api.md:606; J:com/tvt/protocol_sdk/TVTOpenSDK.java:576,606,NO,
"sendApplyForAddFriends(long, String, String, String, String, String) @TVTOpenSDK.java:578",sendApplyForAddFriends,void,0x272cd8,0x1bc19d,UNKNOWN,,apk-audit/02-protocol-api.md:607; J:com/tvt/protocol_sdk/TVTOpenSDK.java:578,607,NO,
"sendAuthorizationforWebQrcodeLogin(long, String, String, boolean) @TVTOpenSDK.java:580",sendAuthorizationforWebQrcodeLogin,void,0x2a0910,0x1d6ea9,UNKNOWN,,apk-audit/02-protocol-api.md:608; J:com/tvt/protocol_sdk/TVTOpenSDK.java:580,608,NO,
"sendCmdToGetKeyFrame(long, String, int, int, long, long) @TVTOpenSDK.java:584",sendCmdToGetKeyFrame,boolean,absent,absent,UNKNOWN,,apk-audit/02-protocol-api.md:609; J:com/tvt/protocol_sdk/TVTOpenSDK.java:584,609,NO,
"sendCmdToGetKeyFrame(long, String, String, int, byte, long, long) @TVTOpenSDK.java:582",sendCmdToGetKeyFrame,void,absent,absent,UNKNOWN,,apk-audit/02-protocol-api.md:610; J:com/tvt/protocol_sdk/TVTOpenSDK.java:582,610,NO,
"sendCmdToPlaybackAllFrame(long, String, long) @TVTOpenSDK.java:592",sendCmdToPlaybackAllFrame,boolean,absent,absent,UNKNOWN,,apk-audit/02-protocol-api.md:611; J:com/tvt/protocol_sdk/TVTOpenSDK.java:592,611,NO,
"sendCmdToPlaybackAllFrame(long, String, String, int, long) @TVTOpenSDK.java:590",sendCmdToPlaybackAllFrame,void,absent,absent,UNKNOWN,,apk-audit/02-protocol-api.md:612; J:com/tvt/protocol_sdk/TVTOpenSDK.java:590,612,NO,
"sendCmdToPlaybackByFrameIndex(long, String, int) @TVTOpenSDK.java:596",sendCmdToPlaybackByFrameIndex,boolean,absent,absent,UNKNOWN,,apk-audit/02-protocol-api.md:613; J:com/tvt/protocol_sdk/TVTOpenSDK.java:596,613,NO,
"sendCmdToPlaybackByFrameIndex(long, String, String, int, int) @TVTOpenSDK.java:594",sendCmdToPlaybackByFrameIndex,void,absent,absent,UNKNOWN,,apk-audit/02-protocol-api.md:614; J:com/tvt/protocol_sdk/TVTOpenSDK.java:594,614,NO,
"sendCmdToPlaybackKeyFrame(long, String, long) @TVTOpenSDK.java:600",sendCmdToPlaybackKeyFrame,boolean,absent,absent,UNKNOWN,,apk-audit/02-protocol-api.md:615; J:com/tvt/protocol_sdk/TVTOpenSDK.java:600,615,NO,
"sendCmdToPlaybackKeyFrame(long, String, String, int, long) @TVTOpenSDK.java:598",sendCmdToPlaybackKeyFrame,void,absent,absent,UNKNOWN,,apk-audit/02-protocol-api.md:616; J:com/tvt/protocol_sdk/TVTOpenSDK.java:598,616,NO,
"sendCmdToPTZ(long, String, int, int, int, int) @TVTOpenSDK.java:588",sendCmdToPTZ,boolean,0x29e710`; overloaded short name only,0x1d5b19,UNKNOWN,,apk-audit/02-protocol-api.md:617; J:com/tvt/protocol_sdk/TVTOpenSDK.java:588,617,NO,
"sendCmdToPTZ(long, String, String, int, int, int, int) @TVTOpenSDK.java:586",sendCmdToPTZ,void,0x29e710`; overloaded short name only,0x1d5b19,UNKNOWN,,apk-audit/02-protocol-api.md:618; J:com/tvt/protocol_sdk/TVTOpenSDK.java:586,618,NO,
"sendCmdToSnapShot(long, String, int, int, long, long, int) @TVTOpenSDK.java:602",sendCmdToSnapShot,boolean,absent,absent,UNKNOWN,,apk-audit/02-protocol-api.md:619; J:com/tvt/protocol_sdk/TVTOpenSDK.java:602,619,NO,
"sendCmdToSnapShot(long, String, String, int, int, long, long, int) @TVTOpenSDK.java:604",sendCmdToSnapShot,boolean,absent,absent,UNKNOWN,,apk-audit/02-protocol-api.md:620; J:com/tvt/protocol_sdk/TVTOpenSDK.java:604,620,NO,
"sendHealthCheckCmdToDev(long, String, String, String) @TVTOpenSDK.java:606",sendHealthCheckCmdToDev,boolean,0x294424,0x1cfb51,UNKNOWN,,apk-audit/02-protocol-api.md:621; J:com/tvt/protocol_sdk/TVTOpenSDK.java:606,621,NO,
"sendNetQualityCheckCmdToDev(long, String, String) @TVTOpenSDK.java:608",sendNetQualityCheckCmdToDev,boolean,0x296f50,0x1d1481,UNKNOWN,,apk-audit/02-protocol-api.md:622; J:com/tvt/protocol_sdk/TVTOpenSDK.java:608,622,NO,
"sendNetSafeCheckCmdToDev(long, String, String) @TVTOpenSDK.java:610",sendNetSafeCheckCmdToDev,boolean,0x294830,0x1cfda9,UNKNOWN,,apk-audit/02-protocol-api.md:623; J:com/tvt/protocol_sdk/TVTOpenSDK.java:610,623,NO,
"sendNetSafeRepairCmdToDev(long, String, String) @TVTOpenSDK.java:612",sendNetSafeRepairCmdToDev,boolean,0x294b9c,0x1cffad,UNKNOWN,,apk-audit/02-protocol-api.md:624; J:com/tvt/protocol_sdk/TVTOpenSDK.java:612,624,NO,
"sendNotificationToken(long, String, String, String, int, List<String>) @TVTOpenSDK.java:614",sendNotificationToken,void,0x27fa84,0x1c3a3d,MAPPED,P15.2.op01,apk-audit/02-protocol-api.md:625; J:com/tvt/protocol_sdk/TVTOpenSDK.java:614,625,NO,
"sendUUIDforWebQrcodeLogin(long, String, String) @TVTOpenSDK.java:616",sendUUIDforWebQrcodeLogin,void,0x2a05b8,0x1d6ca1,UNKNOWN,,apk-audit/02-protocol-api.md:626; J:com/tvt/protocol_sdk/TVTOpenSDK.java:616,626,NO,
"setCloudRecordSwitch(long, String, String, boolean) @TVTOpenSDK.java:618",setCloudRecordSwitch,void,0x291e48,0x1ce59d,MAPPED,P18.5.op02,apk-audit/02-protocol-api.md:627; J:com/tvt/protocol_sdk/TVTOpenSDK.java:618,627,NO,
"setDevAutoUpdate(long, String, boolean, String) @TVTOpenSDK.java:620",setDevAutoUpdate,void,0x29a270,0x1d3219,UNKNOWN,,apk-audit/02-protocol-api.md:628; J:com/tvt/protocol_sdk/TVTOpenSDK.java:620,628,NO,
"setDeviceAlarmStatus(long, String, List<String>, int, int) @TVTOpenSDK.java:622",setDeviceAlarmStatus,void,0x27e46c,0x1c2d8d,UNKNOWN,,apk-audit/02-protocol-api.md:629; J:com/tvt/protocol_sdk/TVTOpenSDK.java:622,629,NO,
"setDeviceHealthSchedule(long, String, boolean, List<String>) @TVTOpenSDK.java:624",setDeviceHealthSchedule,boolean,0x2966c0,0x1d0f85,UNKNOWN,,apk-audit/02-protocol-api.md:630; J:com/tvt/protocol_sdk/TVTOpenSDK.java:624,630,NO,
"setDeviceListToNat(long, List<String>, List<String>) @TVTOpenSDK.java:626",setDeviceListToNat,void,0x298f40,0x1d26d5,UNKNOWN,,apk-audit/02-protocol-api.md:631; J:com/tvt/protocol_sdk/TVTOpenSDK.java:626,631,NO,
"setDeviceNetSafeSwitch(long, String, String, boolean) @TVTOpenSDK.java:628",setDeviceNetSafeSwitch,boolean,0x295624,0x1d05c9,UNKNOWN,,apk-audit/02-protocol-api.md:632; J:com/tvt/protocol_sdk/TVTOpenSDK.java:628,632,NO,
setEnableLog(boolean) @TVTOpenSDK.java:3092,setEnableLog,void,0x2a6478,0x1da585,UNKNOWN,,apk-audit/02-protocol-api.md:633; J:com/tvt/protocol_sdk/TVTOpenSDK.java:3092,633,NO,
"setExternalAppInfo(long, String, String) @TVTOpenSDK.java:630",setExternalAppInfo,void,0x2b0570,0x1e0491,UNKNOWN,,apk-audit/02-protocol-api.md:634; J:com/tvt/protocol_sdk/TVTOpenSDK.java:630,634,NO,
"setLanguage(long, String, String) @TVTOpenSDK.java:632",setLanguage,void,0x2a0260,0x1d6a9d,UNKNOWN,,apk-audit/02-protocol-api.md:635; J:com/tvt/protocol_sdk/TVTOpenSDK.java:632,635,NO,
"setMobileBindSwitch(long, String, boolean) @TVTOpenSDK.java:634",setMobileBindSwitch,void,0x29b088,0x1d3a2d,UNKNOWN,,apk-audit/02-protocol-api.md:636; J:com/tvt/protocol_sdk/TVTOpenSDK.java:634,636,NO,
"setMobileIsBind(long, String, String, String, int) @TVTOpenSDK.java:636",setMobileIsBind,void,0x29d464,0x1d4fa5,UNKNOWN,,apk-audit/02-protocol-api.md:637; J:com/tvt/protocol_sdk/TVTOpenSDK.java:636,637,NO,
"setMsgPushSwitch(long, String, boolean, String) @TVTOpenSDK.java:638",setMsgPushSwitch,void,0x299c50,0x1d2e71,UNKNOWN,,apk-audit/02-protocol-api.md:638; J:com/tvt/protocol_sdk/TVTOpenSDK.java:638,638,NO,
"setOnOffDeviceConfig(long, String, String) @TVTOpenSDK.java:640",setOnOffDeviceConfig,void,0x2a73ec,0x1dae95,UNKNOWN,,apk-audit/02-protocol-api.md:639; J:com/tvt/protocol_sdk/TVTOpenSDK.java:640,639,NO,
"setReDirectFinished(long, boolean, String) @TVTOpenSDK.java:3152",setReDirectFinished,void,0x2ae49c,0x1df0d1,UNKNOWN,,apk-audit/02-protocol-api.md:640; J:com/tvt/protocol_sdk/TVTOpenSDK.java:3152,640,NO,
"setReplaceUrl(long, List<String>, List<String>) @TVTOpenSDK.java:3154",setReplaceUrl,void,0x2ae5a0,0x1df181,UNKNOWN,,apk-audit/02-protocol-api.md:641; J:com/tvt/protocol_sdk/TVTOpenSDK.java:3154,641,NO,
"setServiceMsgListStatus(long, String, List<String>, int) @TVTOpenSDK.java:642",setServiceMsgListStatus,boolean,0x28f32c,0x1ccc05,UNKNOWN,,apk-audit/02-protocol-api.md:642; J:com/tvt/protocol_sdk/TVTOpenSDK.java:642,642,NO,
"setSharedChlPermission(long, String, String, ChlPermission) @TVTOpenSDK.java:644",setSharedChlPermission,void,0x27a248,0x1c05e1,UNKNOWN,,apk-audit/02-protocol-api.md:643; J:com/tvt/protocol_sdk/TVTOpenSDK.java:644,643,NO,
"setUserAppData(long, String, String, String) @TVTOpenSDK.java:646",setUserAppData,void,0x29e774,0x1d5b4d,UNKNOWN,,apk-audit/02-protocol-api.md:644; J:com/tvt/protocol_sdk/TVTOpenSDK.java:646,644,NO,
"setUserInfo(long, String, String, String, String, String, String, String, int) @TVTOpenSDK.java:648",setUserInfo,void,0x28268c,0x1c5359,MAPPED,P16.1.op02,apk-audit/02-protocol-api.md:645; J:com/tvt/protocol_sdk/TVTOpenSDK.java:648,645,NO,
"setUserPrivateData(long, String, String) @TVTOpenSDK.java:650",setUserPrivateData,void,0x28d248,0x1cb8dd,UNKNOWN,,apk-audit/02-protocol-api.md:646; J:com/tvt/protocol_sdk/TVTOpenSDK.java:650,646,NO,
"shareChl(long, String, String, int, List<ShareInfo>, List<DeviceShareInfo>) @TVTOpenSDK.java:652",shareChl,void,0x2a3748,0x1d8a91,UNKNOWN,,apk-audit/02-protocol-api.md:647; J:com/tvt/protocol_sdk/TVTOpenSDK.java:652,647,NO,
"shareChlToMyGroup(long, String, String, Map<String, ChlPermission>) @TVTOpenSDK.java:654",shareChlToMyGroup,void,0x285008,0x1c6bad,UNKNOWN,,apk-audit/02-protocol-api.md:648; J:com/tvt/protocol_sdk/TVTOpenSDK.java:654,648,NO,
"sharedCameraChlsToFriend(long, String, List<CameraShareInfo>) @TVTOpenSDK.java:656",sharedCameraChlsToFriend,void,0x29c964,0x1d4915,UNKNOWN,,apk-audit/02-protocol-api.md:649; J:com/tvt/protocol_sdk/TVTOpenSDK.java:656,649,NO,
"sharedChlsToFriend(long, String, String, Map<String, ChlPermission>) @TVTOpenSDK.java:660",sharedChlsToFriend,void,0x27986c,0x1bffd9,UNKNOWN,,apk-audit/02-protocol-api.md:650; J:com/tvt/protocol_sdk/TVTOpenSDK.java:660,650,NO,
"sharedChlToGroupsOrFriends(long, String, String, HashMap<String, ChlPermission>, HashMap<String, ChlPermission>) @TVTOpenSDK.java:658",sharedChlToGroupsOrFriends,void,0x2874a0,0x1c81a1,UNKNOWN,,apk-audit/02-protocol-api.md:651; J:com/tvt/protocol_sdk/TVTOpenSDK.java:658,651,NO,
"startProtoManagerServer(String, String, int, String, String) @TVTOpenSDK.java:662",startProtoManagerServer,boolean,0x270ea0,0x1baff5,UNKNOWN,,apk-audit/02-protocol-api.md:652; J:com/tvt/protocol_sdk/TVTOpenSDK.java:662,652,NO,
stopProtoManagerServer() @TVTOpenSDK.java:664,stopProtoManagerServer,boolean,0x271674,0x1bb4bd,UNKNOWN,,apk-audit/02-protocol-api.md:653; J:com/tvt/protocol_sdk/TVTOpenSDK.java:664,653,NO,
"thirdLogin(long, String, String, String, int, String, String) @TVTOpenSDK.java:666",thirdLogin,void,0x29f7e0,0x1d64a1,MAPPED,P02.4.op02,apk-audit/02-protocol-api.md:654; J:com/tvt/protocol_sdk/TVTOpenSDK.java:666,654,NO,
"unLinkExternalApp(long, String, String) @TVTOpenSDK.java:668",unLinkExternalApp,void,0x2b0218,0x1e0289,UNKNOWN,,apk-audit/02-protocol-api.md:655; J:com/tvt/protocol_sdk/TVTOpenSDK.java:668,655,NO,
"updateUserUnbindDevice(long, String, String) @TVTOpenSDK.java:682",updateUserUnbindDevice,void,0x2b2418,0x1e16f5,UNKNOWN,,apk-audit/02-protocol-api.md:656; J:com/tvt/protocol_sdk/TVTOpenSDK.java:682,656,NO,
"userLogin(long, String, int, String, String, String, String, String, String, String, String, String) @TVTOpenSDK.java:686",userLogin,void,0x2810a8,0x1c4705,MAPPED,P02.1.op02,apk-audit/02-protocol-api.md:657; J:com/tvt/protocol_sdk/TVTOpenSDK.java:686,657,NO,
"userLoginedBindThird(long, String, String, int, String) @TVTOpenSDK.java:688",userLoginedBindThird,void,0x29f0e4,0x1d60c9,UNKNOWN,,apk-audit/02-protocol-api.md:658; J:com/tvt/protocol_sdk/TVTOpenSDK.java:688,658,NO,
"userLoginedUnBindThird(long, String, int) @TVTOpenSDK.java:690",userLoginedUnBindThird,void,0x29f514,0x1d6311,UNKNOWN,,apk-audit/02-protocol-api.md:659; J:com/tvt/protocol_sdk/TVTOpenSDK.java:690,659,NO,
"userLoginedUnBindWX(long, String) @TVTOpenSDK.java:692",userLoginedUnBindWX,void,0x287eb8,0x1c8791,UNKNOWN,,apk-audit/02-protocol-api.md:660; J:com/tvt/protocol_sdk/TVTOpenSDK.java:692,660,NO,
"userLogOut(long, String) @TVTOpenSDK.java:684",userLogOut,boolean,0x282d54,0x1c5741,MAPPED,P16.2.op03,apk-audit/02-protocol-api.md:661; J:com/tvt/protocol_sdk/TVTOpenSDK.java:684,661,NO,
"userRegisterWithAccount(long, String, String, int, String, String, String, String, String) @TVTOpenSDK.java:694",userRegisterWithAccount,void,0x280778,0x1c41d5,MAPPED,P02.2.op02,apk-audit/02-protocol-api.md:662; J:com/tvt/protocol_sdk/TVTOpenSDK.java:694,662,NO,
"userThirdBindAccount(long, String, String, String, int, String, String) @TVTOpenSDK.java:696",userThirdBindAccount,void,0x29fd08,0x1d678d,UNKNOWN,,apk-audit/02-protocol-api.md:663; J:com/tvt/protocol_sdk/TVTOpenSDK.java:696,663,NO,
"userUnbindInstaller(long, String) @TVTOpenSDK.java:702",userUnbindInstaller,void,0x2af294,0x1df94d,UNKNOWN,,apk-audit/02-protocol-api.md:664; J:com/tvt/protocol_sdk/TVTOpenSDK.java:702,664,NO,
"userUnRegister(long, String, int, String) @TVTOpenSDK.java:698",userUnRegister,void,0x282d80,0x1c575d,UNKNOWN,,apk-audit/02-protocol-api.md:665; J:com/tvt/protocol_sdk/TVTOpenSDK.java:698,665,NO,
"userUnRegisterNoParams(long, String) @TVTOpenSDK.java:700",userUnRegisterNoParams,void,0x2830e0,0x1c596d,MAPPED,P16.4.op02,apk-audit/02-protocol-api.md:666; J:com/tvt/protocol_sdk/TVTOpenSDK.java:700,666,NO,
"userUploadHeadImg(long, String, String) @TVTOpenSDK.java:704",userUploadHeadImg,void,0x29d10c,0x1d4da1,UNKNOWN,,apk-audit/02-protocol-api.md:667; J:com/tvt/protocol_sdk/TVTOpenSDK.java:704,667,NO,
"wxBindMobile(long, String, String, String, String, String) @TVTOpenSDK.java:706",wxBindMobile,void,0x281b9c,0x1c4d29,UNKNOWN,,apk-audit/02-protocol-api.md:668; J:com/tvt/protocol_sdk/TVTOpenSDK.java:706,668,NO,
"wxLoginWithWxCode(long, String, String, String) @TVTOpenSDK.java:708",wxLoginWithWxCode,void,0x281938,0x1c4bc5,UNKNOWN,,apk-audit/02-protocol-api.md:669; J:com/tvt/protocol_sdk/TVTOpenSDK.java:708,669,NO,
